player,current_open_skill,peak_rating,count_matches,player_region
b4nny_scout,46.026,47.3259,430,NA
lansky_soldier,36.836,36.836,138,NA
silentes_soldier,35.1989,35.1989,182,EU
shade_medic,34.5999,34.9361,385,NA
bdonski_demo,33.6523,33.9963,288,NA
habib_demo,30.6511,31.8583,387,NA
tlr_soldier,30.2031,31.9578,242,NA
blaze_soldier,29.5193,30.8426,403,NA
laz_soldier,29.2947,30.1999,191,NA
b4nny_demo,28.3703,28.3703,203,NA
kaptain_soldier,28.1927,28.1927,169,EU
enrith_demo,28.0413,28.3073,114,AU/NZ
thalash_scout,27.9147,27.9147,174,EU
aim_soldier,27.7144,28.5878,189,NA
b4nny_soldier,27.5643,27.828,77,NA
cyzer_scout,27.5559,28.4801,297,NA
riot_soldier,27.4734,28.3071,93,AU/NZ
kaidus_demo,27.2308,27.2308,180,EU
elmo_scout,27.0905,32.303,125,AU/NZ
botmode_scout,27.0612,27.6063,92,NA
clockwork_scout,27.037,27.037,271,NA
seeds_medic,26.61,26.8533,119,EU
harbleu_soldier,26.5901,27.9904,139,NA
marmaloo_soldier,26.3272,26.3272,172,NA
arekk_scout,26.1226,26.4495,290,NA
mikeya_soldier,25.8985,26.3266,95,EU
freestate_scout,25.7045,25.7045,126,NA
papi_soldier,25.6788,25.6788,136,EU
logan_demo,25.3959,25.3959,70,NA
stark_scout,25.1831,27.054,97,EU
cooki_scout,25.0443,25.3724,65,AU/NZ
nursey_medic,24.575,24.575,264,NA
lolguy_medic,24.1123,24.1123,107,NA
phorofor_medic,24.0732,25.404,167,NA
soooooapymeister_soldier,24.0585,24.0585,86,NA
ninjanick_medic,23.9859,24.2459,155,NA
yight_scout,23.943,24.3415,178,NA
madness_scout,23.7695,23.7695,80,AU/NZ
ma3laa_soldier,23.6168,23.9864,207,NA
thaigrr_scout,23.5665,25.0887,91,EU
credu_scout,23.4017,23.5305,104,EU
rando_soldier,23.3383,23.5321,231,NA
redcoatzygote_demo,22.7747,24.8043,98,AU/NZ
slemnish_scout,22.7207,26.4042,264,NA
adysky_soldier,22.7199,24.0544,77,EU
indust_medic,22.1008,23.5009,107,NA
yomps_scout,21.9811,24.631,176,NA
highfive_scout,21.9116,23.1189,214,NA
drackk_soldier,21.795,21.9421,118,EU
hafficool_scout,21.7885,21.7885,70,EU
svmzi_scout,21.3152,21.4927,78,EU
meyy_medic,21.2594,22.8153,117,NA
cap_scout,21.1761,21.4281,63,NA
domo_demo,21.1721,21.1721,114,EU
zebbosai_soldier,21.0284,21.8245,86,EU
shrugger_scout,20.9633,22.2347,219,NA
raymon_medic,20.7451,20.7451,112,EU
feyn_soldier,20.667,21.1568,103,AU/NZ
botmode_demo,20.6365,20.8491,59,NA
iatgink_soldier,20.3272,20.3272,53,EU
enoryt_soldier,20.3172,20.6578,136,NA
ash_soldier,20.2452,20.6932,223,NA
skeez_medic,20.2253,21.5829,137,NA
decimate_scout,20.225,21.0929,115,NA
mackey_soldier,20.2028,20.6297,100,NA
sighguy_soldier,20.1279,20.3784,135,NA
kobe1920_soldier,20.0679,20.0679,52,NA
duwatna_demo,19.6969,20.3231,140,NA
botmode_soldier,19.6711,19.7998,91,NA
sighguy_demo,19.6006,20.1729,171,NA
zilly_medic,19.5381,19.5381,94,NA
enigma_scout,19.4662,23.5135,253,NA
geoh_soldier,19.3244,19.3244,62,AU/NZ
bear_medic,19.2074,21.2988,173,NA
ryb_demo,19.2001,19.8808,62,EU
alle_demo,19.1008,20.3822,113,EU
jayhyunpae_soldier,18.8773,22.1067,91,NA
bash_scout,18.8305,22.0213,45,EU
thefragile_medic,18.7948,22.1793,163,NA
garbuglio_soldier,18.6486,19.8785,125,NA
relic_soldier,18.6484,20.7986,154,NA
lau_medic,18.5438,18.9313,56,AU/NZ
lukas_demo,18.5427,18.833,88,EU
paddie_soldier,18.383,19.1259,211,NA
mirelin_medic,18.0839,18.0839,43,EU
blackymonster_medic,17.9384,18.5893,72,NA
ruwin_scout,17.6905,19.1268,81,NA
smaka_demo,17.6026,19.7502,92,NA
josh_soldier,17.5556,18.8155,131,EU
ams_soldier,17.5552,18.3243,117,EU
knoxxx_medic,17.4906,18.1568,41,EU
doge.exe_medic,17.4705,17.8403,55,AU/NZ
jayhyunpae_scout,17.3624,17.6372,64,NA
platinum_demo,17.3459,19.4405,117,NA
yosh_scout,17.2999,20.8463,59,NA
squid_scout,17.2796,18.7314,127,NA
haunts_soldier,17.2047,17.2047,50,EU
arnold_medic,17.1138,17.63,47,AU/NZ
funs_scout,16.9496,18.117,92,EU
ywl_soldier,16.9179,18.7591,50,AU/NZ
counou_scout,16.9002,16.9002,83,EU
branslam_scout,16.8728,16.8728,90,NA
susurrus_scout,16.7619,16.7619,46,AU/NZ
tagg_soldier,16.473,18.9924,78,NA
gear_soldier,16.4518,16.4518,34,EU
xalox_demo,16.4344,16.7885,77,NA
tri_soldier,16.3723,17.2716,73,NA
oplaid_scout,16.3187,17.003,121,NA
tek_soldier,16.3062,17.8005,69,EU
ww_soldier,16.2536,18.8667,111,NA
deft_demo,16.1851,17.5396,90,AU/NZ
herr_p_scout,16.0575,17.7636,49,EU
elmo_soldier,15.9804,16.7483,33,AU/NZ
schocky_scout,15.9684,16.7379,130,EU
yz50_scout,15.8388,17.3335,114,NA
cb_medic,15.7486,15.7486,38,NA
toemas__scout,15.6621,15.6621,36,EU
paulsen_demo,15.6162,17.7389,76,AU/NZ
toemas_scout,15.559,15.559,61,EU
corsa_scout,15.4747,15.765,204,NA
carnage_scout,15.4268,16.7714,87,NA
kbk_medic,15.1835,15.5466,61,NA
nubbi_soldier,15.1497,17.0088,47,EU
cozen_medic,15.0969,18.4933,94,NA
yomps_soldier,15.0823,15.0823,121,NA
oov_scout,15.0603,17.6181,37,NA
cookiejake_medic,15.0424,16.4257,132,NA
aishou_scout,14.9591,16.3182,70,AU/NZ
spudd_demo,14.8881,15.6618,62,EU
tripbwai_soldier,14.7462,15.0898,124,NA
hayes_soldier,14.7188,14.7188,62,NA
mesr_medic,14.623,15.5918,58,NA
june_medic,14.5914,14.5914,37,EU
cin_soldier,14.5793,15.0685,55,NA
dave__ac_soldier,14.5766,14.9091,55,NA
cukei_scout,14.4907,15.6854,50,NA
aporia_soldier,14.4114,15.3433,34,AU/NZ
condom_medic,14.3772,16.4057,64,EU
zaka_soldier,14.3512,16.8727,43,AU/NZ
ombrack_medic,14.2775,14.2853,115,EU
boomer_soldier,14.2047,14.3836,70,NA
grape_soldier,14.202,14.5431,77,NA
dank_medic,14.1917,14.2422,63,NA
tay_demo,14.1353,14.5707,33,AU/NZ
chris_soldier,14.1211,14.8272,44,EU
mason_medic,14.0625,14.0625,51,NA
rising_soldier,13.9447,15.992,53,EU
piggles_medic,13.9035,14.2152,66,EU
harbleu_medic,13.8974,17.1454,127,NA
connor_medic,13.753,14.6233,114,EU
jarrett_demo,13.6921,17.1743,177,NA
poison_soldier,13.6869,14.0928,59,EU
sorex_scout,13.6772,15.1966,115,EU
vhalin_scout,13.6704,13.6704,19,NA
kalkin_demo,13.6704,13.6704,19,NA
mesr_scout,13.5379,13.877,37,NA
delpo_demo,13.4899,15.0936,56,NA
nas boii_demo,13.4551,16.71,44,EU
geoh_scout,13.4087,18.1081,43,AU/NZ
rekuso_scout,13.4072,13.4689,29,NA
mangachu_soldier,13.3975,13.5831,53,NA
ams_scout,13.3781,14.2775,67,EU
numlocked_demo,13.3592,14.911,39,EU
hertz_soldier,13.3401,14.4816,103,AU/NZ
balder_scout,13.2204,13.2204,42,EU
silvo_scout,13.1538,13.5472,44,AU/NZ
nevo_scout,13.1533,14.5686,119,EU
ixy_scout,13.0481,13.0481,106,EU
alfa_scout,12.9956,15.2725,88,NA
warhuryeah_demo,12.9559,15.2322,70,EU
sandblast_scout,12.951,13.8728,165,NA
fancy_demo,12.904,12.904,38,EU
dingo_demo,12.9007,15.6663,262,NA
marten_medic,12.7549,12.9111,68,EU
klassy_scout,12.7385,14.7561,48,EU
yeehaw_scout,12.7244,12.7659,63,EU
shamoo_scout,12.7011,13.7433,232,NA
astt_scout,12.6924,13.2976,38,EU
kos_medic,12.6924,13.2976,38,EU
raptor_medic,12.5904,13.4116,45,EU
reptile_soldier,12.4954,13.5501,64,NA
johno_medic,12.495,12.495,28,AU/NZ
scizor_scout,12.4549,13.7178,50,NA
flippy_scout,12.4391,14.0607,57,EU
termo_demo,12.3697,13.3467,28,AU/NZ
gazy_scout,12.3057,15.3936,46,EU
yuki_soldier,12.2941,13.3928,22,AU/NZ
bonobo_medic,12.2941,13.3928,22,AU/NZ
kiler4funn_scout,12.2066,15.396,37,EU
sam._scout,12.1952,12.9669,102,AU/NZ
platinum_soldier,12.1678,12.8898,157,NA
scratchh_scout,12.1063,12.9544,53,NA
brutalix_medic,12.0924,12.0924,20,AU/NZ
xaler_demo,12.0902,12.811,74,NA
teejay_scout,12.0874,14.1189,77,AU/NZ
syckness_scout,12.04,13.1078,54,NA
dr.phil_demo,11.8204,12.1158,69,EU
sheep_scout,11.6969,13.3928,25,AU/NZ
elacour_demo,11.6548,12.1845,82,EU
knoxxx_soldier,11.6274,11.6274,29,EU
hhhwrd_medic,11.5817,12.6042,45,NA
mulaa_medic,11.527,13.731,57,EU
jaeger_soldier,11.4841,16.4931,42,NA
inso_scout,11.4675,11.4675,18,EU
muuki_soldier,11.4647,12.1204,49,EU
dabes_scout,11.4548,11.6803,40,NA
down_soldier,11.392,11.7874,43,AU/NZ
showstopper_soldier,11.3766,12.9858,171,NA
permzilla_medic,11.3755,11.3755,16,EU
v4na_scout,11.2879,12.4025,28,AU/NZ
izon_scout,11.2217,11.7994,25,EU
mr.epic_scout,11.1379,12.4716,58,EU
zambz_demo,11.0418,13.8598,38,EU
hugo_soldier,10.9756,11.7154,31,EU
bulle_medic,10.8489,12.5009,55,EU
maros_scout,10.7875,12.8504,53,EU
max_scout,10.7497,14.0354,52,NA
scruff_scout,10.7301,11.6486,57,EU
paddie_scout,10.6973,15.5343,62,NA
speedy_soldier,10.6552,12.4714,96,NA
eemes_demo,10.641,10.641,74,EU
kev777_soldier,10.6353,11.097,21,NA
samburgerr_demo,10.6353,11.097,21,NA
adysky_demo,10.6267,11.183,56,EU
mo0se_scout,10.5547,12.3808,40,NA
dave_medic,10.5249,11.4217,43,AU/NZ
sean_medic,10.4648,14.6598,44,AU/NZ
down_scout,10.4538,12.209,53,AU/NZ
kn_soldier,10.2584,11.3101,37,EU
ggglygy_scout,10.2305,12.8677,70,NA
#NAME?,10.2138,11.3357,50,NA
dummy_demo,10.2032,13.5303,164,NA
f2_medic,10.1634,10.8022,19,EU
yewl_soldier,10.1175,11.0812,21,AU/NZ
demos_medic,10.0936,11.0762,43,EU
pyyyour_medic,10.0825,18.4615,118,NA
rky_soldier,10.077,11.401,28,AU/NZ
auto_medic,10.0682,10.0682,51,EU
saam_scout,10.0533,12.5107,40,NA
deli69_demo,10.0521,12.3364,49,EU
doge_demo,10.0503,10.6056,30,AU/NZ
dmoule_soldier,10.0164,11.6467,87,EU
cookye_scout,9.994,10.659,29,EU
dogroll_demo,9.9142,10.8377,15,AU/NZ
artist_demo,9.8864,11.6248,44,NA
sole_soldier,9.8125,10.2181,28,AU/NZ
moop_demo,9.7904,10.275,65,AU/NZ
tay_soldier,9.7673,12.8734,33,AU/NZ
hero_scout,9.7643,10.7765,55,NA
knuck_scout,9.6734,10.6311,42,NA
ash_scout,9.6501,9.6501,30,NA
sezco_scout,9.6329,10.9564,67,NA
daz_demo,9.5851,9.8664,30,AU/NZ
yewl_demo,9.5502,10.4807,27,AU/NZ
dd5f_soldier,9.4802,9.4802,30,EU
lock_soldier,9.4595,10.2892,37,AU/NZ
morale_scout,9.406,11.3986,32,EU
arcticjoe_scout,9.3807,11.5139,53,NA
animeman_scout,9.3364,9.3364,19,NA
uubers_soldier,9.2938,10.773,44,EU
bybben_scout,9.2367,9.9399,22,EU
caseey_medic,9.2163,10.5785,42,NA
zen_soldier,9.2122,9.8696,11,EU
froot_soldier,9.1976,10.4308,42,NA
gungon_scout,9.185,9.185,51,NA
alfa_medic,9.1492,9.6839,35,NA
solidsnake_demo,9.0977,14.02,44,NA
menex_scout,9.0086,9.4243,34,EU
justin_scout,8.9742,17.2705,109,NA
voxtec_scout,8.933,9.9178,52,EU
muma_demo,8.9019,12.1784,86,NA
grapejuice_soldier,8.829,11.097,25,NA
phlps_scout,8.8272,12.7879,70,NA
scarfs_scout,8.7872,12.4058,41,NA
robor_scout,8.7577,9.2945,14,AU/NZ
krypt_soldier,8.7125,8.7827,10,NA
paddie_medic,8.6612,9.8334,12,NA
brujman_soldier,8.6428,10.7379,46,EU
kryptonite_soldier,8.6257,18.0716,110,NA
paragon_scout,8.6178,10.4791,60,NA
polygon_soldier,8.6005,9.638,76,EU
conor_soldier,8.5863,8.9963,18,AU/NZ
mirrorman_soldier,8.4289,8.4289,123,NA
ronz_soldier,8.4289,10.549,44,EU
dwo69_soldier,8.4188,8.6944,24,EU
azunis_soldier,8.3932,11.1128,77,EU
pause_soldier,8.3515,9.8557,86,AU/NZ
lock_medic,8.3426,10.7314,50,AU/NZ
paulsen_soldier,8.3394,9.9888,53,AU/NZ
mae_demo,8.3323,12.3381,102,NA
exon_demo,8.3314,8.5969,25,EU
hertz_scout,8.3224,8.7238,20,AU/NZ
omar_scout,8.2889,9.3315,36,NA
springer_scout,8.2883,8.2883,7,
marmadukegrylls_soldier,8.2529,10.8817,90,NA
hildreth_demo,8.2509,10.8234,42,EU
yumyum_scout,8.1881,8.9366,50,NA
ben_scout,8.1693,9.2804,42,AU/NZ
mak_demo,8.1269,10.8848,62,EU
sweater_demo,8.1221,8.7396,52,NA
mikazn_soldier,8.0376,8.2802,25,EU
ipzie_soldier,8.0193,8.0193,19,EU
krollic_scout,8.0177,9.0812,20,AU/NZ
fl1p_scout,7.969,8.9928,35,EU
yight_demo,7.9513,9.2301,24,NA
rekuso_soldier,7.9456,12.1915,161,NA
vani_medic,7.9451,9.4369,37,EU
artist_soldier,7.9253,8.7174,21,NA
orzo_demo,7.9207,9.1197,19,NA
catface_scout,7.9168,8.4934,23,NA
aph_scout,7.8846,8.2626,47,EU
sin k4rma_demo,7.8544,8.5434,39,NA
saxophone_soldier,7.8499,7.8499,31,NA
zen_scout,7.8122,8.9539,30,EU
a_seagull_soldier,7.8002,10.1752,58,NA
memphisvon_soldier,7.7591,9.3319,50,NA
highfive_soldier,7.7553,8.324,22,NA
evilmrmuffinz_scout,7.7467,8.0111,67,NA
mak_medic,7.7252,8.1951,19,EU
sole_medic,7.7003,7.7003,11,AU/NZ
snh_soldier,7.6408,8.4264,12,
starkie_medic,7.6323,9.0546,23,EU
raze_scout,7.613,8.7096,17,AU/NZ
sakura_medic,7.5819,7.5819,32,NA
azn_medic,7.5755,8.3514,95,NA
flick_scout,7.5481,9.9376,65,EU
sen_scout,7.5105,8.5673,34,NA
soup_demo,7.4944,11.8231,36,NA
hubida_medic,7.4369,7.4369,31,NA
aliensmiley_demo,7.3728,8.6506,49,EU
chunkey-_demo,7.3707,7.4613,16,NA
vand_scout,7.3607,7.5853,32,NA
voll_soldier,7.3607,7.5853,32,NA
cuby_scout,7.344,9.7236,41,EU
rocketsurgeon_soldier,7.3135,9.4106,42,NA
smirre_demo,7.2947,9.2789,146,EU
patchouli_medic,7.2909,7.8818,45,EU
ohai_scout,7.256,7.8958,18,AU/NZ
lams_scout,7.2481,7.2481,9,AU/NZ
heebs_soldier,7.2274,7.662,18,AU/NZ
skinnie_soldier,7.2215,8.9752,11,
zerox_demo,7.2215,8.9752,11,
haunter_medic,7.2215,8.9752,11,
lexx_soldier,7.1554,7.5619,45,AU/NZ
shappie_demo,7.1062,8.4061,43,EU
bulk_demo,7.1037,7.1037,10,AU/NZ
donovin_soldier,7.0914,8.7783,53,NA
yui_scout,6.9991,8.4254,37,AU/NZ
lardox_soldier,6.9905,6.9905,20,EU
juxta_scout,6.9735,7.723,18,EU
mirimu_medic,6.9671,6.9671,40,AU/NZ
jukebox_soldier,6.9658,7.7704,10,EU
paulsen_scout,6.9553,7.8531,17,AU/NZ
omni_soldier,6.8948,6.8948,14,AU/NZ
justin_demo,6.8296,8.387,35,NA
jordy_soldier,6.8278,7.2496,31,EU
nico_scout,6.8077,11.2611,39,EU
pete_scout,6.7942,9.2399,52,NA
doge_medic,6.793,7.7012,21,AU/NZ
zam_scout,6.7762,7.2989,31,NA
raf_soldier,6.7055,7.1841,82,EU
takeyon_scout,6.6933,6.6933,17,AU/NZ
pr1med_soldier,6.6756,6.6756,5,AU/NZ
bo4r_scout,6.6714,7.645,92,NA
starkie_soldier,6.6518,6.6518,25,EU
lau_scout,6.6141,7.6814,19,AU/NZ
taggerung_soldier,6.6061,7.7185,37,NA
spade_soldier,6.5975,8.7096,20,AU/NZ
serotone_medic,6.5686,9.3768,35,EU
captainhax_soldier,6.5315,6.5315,13,EU
greg_scout,6.5215,8.0619,16,EU
dave ac_soldier,6.4539,7.0113,20,NA
harbleu_demo,6.4539,7.0113,20,NA
extremer_scout,6.4365,6.4365,8,
f2_scout,6.4365,6.4365,8,
shintaz_soldier,6.4365,6.4365,8,
jh_soldier,6.4365,6.4365,8,
alba_scout,6.4274,9.9184,77,EU
alexwut_demo,6.426,7.6555,28,NA
raphaim_scout,6.4176,6.4176,19,NA
shadowburn_soldier,6.4164,6.4164,28,EU
hocz_soldier,6.4072,7.0975,17,EU
stark_soldier,6.402,6.8002,13,EU
byte_medic,6.4001,6.5669,12,EU
mercyless_soldier,6.3974,8.1966,17,AU/NZ
deadbolt_scout,6.3895,7.1625,19,NA
ry4n_soldier,6.3868,9.1154,23,EU
daffodil_medic,6.3691,7.4959,44,NA
train_medic,6.339,6.597,16,NA
corbac_soldier,6.3254,8.228,82,EU
chingoo_scout,6.2588,6.2588,16,NA
insom_demo,6.2588,6.2588,16,NA
krollic_soldier,6.2453,8.6178,25,AU/NZ
ever_x_soldier,6.219,6.6342,29,EU
conor_scout,6.1431,6.1431,25,AU/NZ
andrew_scout,6.1313,6.639,16,AU/NZ
alfa_soldier,6.1296,6.5469,56,NA
byte_scout,6.1075,7.8423,12,
snowblind_scout,6.081,6.9812,19,AU/NZ
rr_soldier,6.079,7.2468,51,NA
seph_soldier,6.0605,6.0605,7,AU/NZ
hawk_medic,6.0605,6.0605,7,AU/NZ
theos_medic,6.0252,7.4415,32,EU
cheesymacgyver_scout,6.0077,6.997,66,NA
moop_soldier,5.9919,6.4659,10,AU/NZ
kai_demo,5.9919,6.4659,10,AU/NZ
raze_medic,5.9919,6.4659,10,AU/NZ
trum_medic,5.8591,5.8591,10,EU
shintaz_scout,5.8562,6.5634,8,EU
extremer_demo,5.8562,6.5634,8,EU
rohan_scout,5.8327,5.8327,9,
dauq_soldier,5.8327,5.8327,9,
hungry_soldier,5.8327,5.8327,9,
yohn_demo,5.811,7.3787,40,EU
loopy_scout,5.7959,6.4187,11,EU
kev_scout,5.7596,7.0263,83,NA
pot8o_scout,5.7469,7.9308,21,EU
zebbosai_medic,5.7404,6.1553,10,EU
jay_scout,5.7287,6.4964,9,AU/NZ
trippa_soldier,5.7045,8.9715,54,NA
sneis_demo,5.6948,5.6948,4,
a_seagull_demo,5.6877,5.944,20,NA
smaka_medic,5.6877,5.944,20,NA
tojo_soldier,5.6805,7.3918,53,NA
pauldogg_soldier,5.6469,5.6873,127,NA
zbryan_soldier,5.6091,8.7214,35,NA
pyyyour_demo,5.6091,8.7214,35,NA
spj_scout,5.602,6.3851,16,AU/NZ
caps_scout,5.5983,5.5983,4,
nicky_scout,5.5757,6.213,33,EU
adamracek_demo,5.5697,5.8658,11,EU
yuki_scout,5.5241,6.7199,35,AU/NZ
crayon_soldier,5.4219,5.8524,12,
speedy_medic,5.4126,5.9739,24,NA
slugmundo_soldier,5.3356,9.2744,33,NA
jiho_soldier,5.3196,6.2406,10,AU/NZ
b25_soldier,5.3196,6.2406,10,AU/NZ
sage_scout,5.311,6.8885,9,AU/NZ
vaati_demo,5.3108,5.3108,67,NA
t-mac_soldier,5.2835,7.3747,34,EU
kapoww_scout,5.2729,5.9924,34,NA
boink_soldier,5.2729,5.9924,34,NA
playmo_scout,5.2387,5.2387,16,NA
goku_soldier,5.2387,5.2387,16,NA
jav_scout,5.2211,6.4556,18,NA
stratovarius_scout,5.2211,6.4556,18,NA
ss_soldier,5.2211,6.4556,18,NA
wirelessfox_medic,5.2211,6.4556,18,NA
cbear_soldier,5.2073,6.997,16,NA
appe_soldier,5.2039,5.8961,9,
exile_scout,5.1745,5.6091,35,NA
kure_scout,5.1676,5.8872,16,AU/NZ
hank_scout,5.1511,5.5796,38,EU
dogroll_medic,5.131,8.4053,31,AU/NZ
knutsson_soldier,5.1249,5.7174,18,EU
conor_medic,5.1207,6.0842,11,AU/NZ
reptile_scout,5.1168,6.9691,36,NA
anonemouse_scout,5.115,6.229,34,NA
mustardoverlord_demo,5.0578,5.0578,18,NA
phantom_medic,5.0578,5.0578,18,NA
hys_demo,5.0384,5.7155,16,EU
halfwrong_medic,5.0227,7.6797,45,AU/NZ
meff_demo,5.0188,5.8779,15,AU/NZ
shifta_soldier,5.0146,5.6354,32,AU/NZ
ender_scout,5.0122,6.5606,34,NA
abomination_scout,4.9537,4.9537,4,
te0k_soldier,4.9537,4.9537,4,
masiina_soldier,4.9537,4.9537,4,
mick_medic,4.9537,4.9537,4,
zaka_medic,4.9009,5.2409,9,AU/NZ
kaper_scout,4.9007,5.5218,15,EU
faithless_scout,4.8975,5.3987,20,AU/NZ
randa_demo,4.8706,5.0123,11,EU
wonder._scout,4.8656,6.2674,23,NA
dunc_medic,4.7793,5.9645,13,EU
juxta_medic,4.7716,7.0181,26,EU
grape juice_soldier,4.7548,5.5021,27,NA
qnx_soldier,4.7541,4.7541,15,EU
techdude_soldier,4.7415,6.229,18,NA
rick_demo,4.7415,6.229,18,NA
trekkie_medic,4.7415,6.229,18,NA
stock_demo,4.7295,5.9568,22,NA
tobs_soldier,4.7115,5.7176,51,EU
broking_soldier,4.6813,5.2659,120,NA
cbear_scout,4.6528,6.6562,18,NA
ducky_soldier,4.6528,6.6562,18,NA
caps_soldier,4.647,5.0507,20,
iven_medic,4.6251,5.8887,16,AU/NZ
weeble_scout,4.6002,5.8103,18,NA
stultus_medic,4.6002,5.8103,18,NA
zappis_scout,4.5987,5.2268,12,
jimmy_medic,4.5859,7.4936,23,NA
skye_medic,4.5621,11.6889,145,NA
phelon_soldier,4.558,10.2382,116,NA
crayon_medic,4.5354,4.5354,26,EU
azn_scout,4.5282,4.5282,4,
paladin_soldier,4.5169,7.0603,19,NA
zheep_medic,4.5152,5.9811,16,NA
dauq_scout,4.4979,5.4147,74,AU/NZ
purpleshirt_soldier,4.4842,4.4842,16,NA
desca_demo,4.4842,4.4842,16,NA
n\xc3\xa9o_scout,4.4814,5.79,47,EU
scotch_soldier,4.4173,5.1114,10,AU/NZ
yerb_scout,4.4145,4.8304,8,
spudd_soldier,4.3932,5.1848,17,EU
buud_soldier,4.379,5.7714,34,EU
dun_scout,4.367,5.2155,16,NA
dnt_soldier,4.367,5.2155,16,NA
powah_demo,4.367,5.2155,16,NA
ohno_medic,4.3588,4.3588,9,AU/NZ
grape_scout,4.3581,5.204,16,NA
stevechen_soldier,4.3581,5.204,16,NA
milehighmilitia_soldier,4.3581,5.204,16,NA
ryanr_soldier,4.3576,6.1786,36,NA
ywl_demo,4.3522,5.4433,9,AU/NZ
kermit_demo,4.3355,5.4004,34,NA
det_demo,4.3312,5.3214,28,NA
m\xc3\xa9dico_soldier,4.2954,5.3968,26,EU
jayytee_scout,4.265,4.265,19,NA
hymzi_scout,4.2451,4.9894,10,EU
jayhyunpae_demo,4.2434,4.2434,3,
mu_scout,4.2426,4.3814,62,NA
retsh0ck_demo,4.2202,4.9891,11,EU
dr.phil_soldier,4.2202,5.5901,11,
alex.exe_demo,4.2069,7.2094,21,NA
fwishy_scout,4.2035,4.329,16,AU/NZ
puoskari_scout,4.186,7.0767,38,EU
rebeli_scout,4.1795,4.8558,19,EU
dwo_soldier,4.1709,4.8583,36,EU
leth_soldier,4.17,5.4497,22,EU
coinz_soldier,4.1599,4.1599,3,
happycool_scout,4.1584,5.7837,66,NA
sheepy_scout,4.1526,6.3487,29,EU
nyxi_scout,4.0772,4.8801,25,NA
blaze_scout,4.0733,6.2527,18,NA
blade_scout,4.0648,5.2663,17,EU
namtac_demo,4.0648,5.2663,17,EU
hungry_scout,4.0536,5.4412,9,AU/NZ
philip_demo,4.0318,5.0979,32,EU
krafty_scout,4.0277,5.7615,27,EU
dingo_medic,4.0117,4.5207,20,NA
john_milter_scout,4.0091,4.0091,16,NA
goku_scout,4.0091,4.0091,16,NA
fuuzi0n_soldier,4.0091,4.0091,16,NA
serv0_soldier,4.0091,4.0091,16,NA
shrt_demo,4.0091,4.0091,16,NA
ronny_scout,3.997,5.005,6,
thy_soldier,3.997,5.005,6,
havok_demo,3.997,5.005,6,
marco_medic,3.997,5.005,6,
animeman_medic,3.9823,3.9823,4,NA
divine_medic,3.9747,5.042,25,NA
mop_scout,3.9679,4.4217,17,AU/NZ
kev_soldier,3.9336,4.4718,30,NA
virgil_medic,3.9242,4.2782,45,NA
shade_demo,3.9197,5.3014,18,NA
evilmrmuffinz_soldier,3.9113,4.7823,18,NA
campy_demo,3.9113,4.7823,18,NA
smaka_soldier,3.897,10.9564,35,NA
phnx_scout,3.8856,5.3604,18,EU
ceekay_scout,3.8844,4.7433,15,AU/NZ
gaston_scout,3.8705,3.8705,3,NA
saber07_scout,3.8705,3.8705,3,NA
chunkey_demo,3.8693,3.8693,30,NA
fr0z0n3_scout,3.8467,4.4415,9,AU/NZ
arnold_soldier,3.8467,4.4415,9,AU/NZ
silvodox_medic,3.8467,4.4415,9,AU/NZ
alfie_soldier,3.8428,5.6937,28,EU
shy_medic,3.842,4.1865,9,AU/NZ
iaan_soldier,3.8357,3.8357,9,AU/NZ
rolling_soldier,3.8208,4.3089,19,NA
deathy_soldier,3.7724,5.2631,32,NA
v4na_soldier,3.7597,7.0409,25,AU/NZ
olgha_scout,3.7592,5.5453,38,EU
murje_soldier,3.7527,3.9366,11,EU
amppis_scout,3.7409,5.4287,25,EU
kjkuod_scout,3.731,6.016,62,NA
walrex_soldier,3.7303,3.7303,41,NA
sideshow_soldier,3.7274,3.7539,30,EU
nukkye_scout,3.6927,6.1553,16,EU
homer_soldier,3.6683,4.7885,15,AU/NZ
huhy_demo,3.662,4.0836,12,
seraph_scout,3.6529,5.0767,7,AU/NZ
atten_medic,3.6529,5.0767,7,AU/NZ
cubby_medic,3.619,3.619,6,AU/NZ
klassy_medic,3.6143,3.6143,8,EU
scream_scout,3.5941,4.8223,24,NA
susu_scout,3.5675,3.5675,4,AU/NZ
hef_demo,3.5675,3.5675,4,AU/NZ
hymzi_soldier,3.5595,5.4506,10,
durc_demo,3.555,4.328,22,AU/NZ
kaimo_demo,3.5358,7.3918,33,NA
raf_scout,3.5275,7.369,18,NA
plapla_scout,3.5195,4.2663,10,EU
k3_medic,3.5195,4.2663,10,EU
atomic-_soldier,3.5172,4.1559,14,EU
jeven_soldier,3.5163,4.1911,8,EU
jiho_scout,3.4993,4.7401,9,AU/NZ
gooseman_demo,3.4993,4.7401,9,AU/NZ
rhk_medic,3.4993,4.7401,9,AU/NZ
jersh_medic,3.4926,4.6752,9,AU/NZ
gort_scout,3.4922,3.8761,8,AU/NZ
ransibling_soldier,3.4922,3.8761,8,AU/NZ
dramz_medic,3.4922,3.8761,8,AU/NZ
fischkopf_soldier,3.491,4.3997,74,EU
zoey_scout,3.4893,4.0606,9,EU
hsr_soldier,3.4882,4.329,9,AU/NZ
jynx_scout,3.459,5.9811,51,NA
.pandemic_scout,3.4396,5.9636,32,EU
tek_scout,3.4308,3.4308,3,
diabalxen_medic,3.4308,3.4308,3,
warped_soldier,3.4043,3.736,65,EU
amarok_soldier,3.3945,4.2837,21,EU
aim_scout,3.3884,4.336,18,NA
safrix_soldier,3.3884,4.336,18,NA
deadbolt_demo,3.3804,5.3654,41,NA
shampain_medic,3.3501,3.9438,10,EU
flushy_medic,3.3283,3.7269,15,EU
goldfish_soldier,3.3117,5.4922,48,NA
rohan_soldier,3.3029,3.3029,14,AU/NZ
micolash_scout,3.2794,4.0574,8,AU/NZ
dreams_soldier,3.2794,4.0574,8,AU/NZ
wils_medic,3.2465,3.3706,3,
agron_scout,3.2461,3.2461,4,
masiina_scout,3.2461,3.2461,4,
mick_soldier,3.2461,3.2461,4,
bybben_demo,3.2461,3.2461,4,
ryb_medic,3.2461,3.2461,4,
peniferous_demo,3.2456,7.4936,24,NA
babs_medic,3.2169,5.099,28,EU
numlocked_soldier,3.2163,5.0299,8,
benjay_soldier,3.2152,4.1321,8,AU/NZ
adolo_demo,3.1943,4.6043,8,AU/NZ
zebbosai_scout,3.191,3.6838,11,EU
ranga_demo,3.1689,5.204,32,NA
keller_medic,3.1685,4.329,16,AU/NZ
forsak3n_scout,3.1594,3.9618,18,EU
alec_scout,3.082,7.5173,96,NA
gink_soldier,3.0429,3.6622,10,EU
shootist_soldier,3.0399,3.0399,32,NA
jh_scout,3.0397,3.0397,2,EU
samski_soldier,3.0064,4.1679,19,EU
yppy_scout,3.0022,4.173,9,EU
dr.phil_medic,3.0022,4.173,9,EU
shock_medic,2.9911,3.39,4,EU
degu_medic,2.9473,4.6541,30,EU
glufse_scout,2.9129,4.1541,4,
hymzi_demo,2.9129,4.1541,4,
electraheart_soldier,2.9128,3.0813,4,
crasian_medic,2.9128,3.0813,4,
chey_scout,2.8953,4.4862,18,EU
cube_medic,2.8951,5.6948,11,EU
caspian_medic,2.881,5.1035,25,AU/NZ
cringe_scout,2.8804,3.0084,16,NA
sureshot_scout,2.8804,3.0084,16,NA
fabri_soldier,2.8804,3.0084,16,NA
quickiebomb_soldier,2.8804,3.0084,16,NA
daishikiller_demo,2.8804,3.0084,16,NA
recyclops_medic,2.8804,3.0084,16,NA
flisko_soldier,2.8796,4.1992,10,EU
vani_soldier,2.8551,3.3109,19,EU
stefan_scout,2.8442,2.8442,7,EU
mikcow_medic,2.8307,2.8307,10,AU/NZ
campbell_demo,2.8273,4.5351,28,AU/NZ
jaybenabuchi_soldier,2.7896,2.7896,16,NA
blanc_soldier,2.7738,4.2638,17,EU
luka enderman_demo,2.7738,4.2638,17,EU
un4given_medic,2.7738,4.2638,17,EU
susurrus_soldier,2.7604,3.9456,9,AU/NZ
aim-_soldier,2.7268,4.67,16,NA
goldfish__soldier,2.7268,4.67,16,NA
avast_demo,2.7268,4.67,16,NA
hocz_scout,2.724,3.783,6,
paavi_demo,2.724,3.783,6,
vallone_medic,2.724,3.783,6,
minzy_scout,2.6925,2.6925,2,
toy_medic,2.6893,4.2662,30,NA
gotaki_scout,2.6852,3.8524,11,AU/NZ
a seagull_soldier,2.6839,3.8584,39,NA
starkie_scout,2.6825,2.6825,21,EU
paladin_scout,2.6812,3.4315,19,NA
lock_scout,2.6712,3.7368,8,AU/NZ
bane_soldier,2.6712,3.7368,8,AU/NZ
whiteglow_medic,2.671,2.671,14,EU
j_peg_scout,2.6643,2.6643,2,
tonyb_soldier,2.6643,2.6643,2,
antoni_soldier,2.6643,2.6643,2,
jude_medic,2.6643,2.6643,2,
eps_soldier,2.6587,2.6587,7,AU/NZ
jmh_scout,2.6581,2.6581,2,AU/NZ
faithless_demo,2.6581,2.6581,2,AU/NZ
rr_demo,2.6461,5.4924,16,NA
nosferatu_medic,2.6461,5.4924,16,NA
zclipse_scout,2.6405,2.6405,19,NA
chompa_scout,2.6405,2.6405,19,NA
38special_demo,2.6405,2.6405,19,NA
jack_soldier,2.6332,3.4847,8,AU/NZ
ghos7ayama_soldier,2.6242,3.7248,16,NA
doggles_soldier,2.6242,3.7248,16,NA
ondkaja_soldier,2.6152,4.2891,18,
groove_scout,2.601,4.0228,9,EU
z0diack_scout,2.5985,5.8524,19,EU
morrow_medic,2.5947,3.8227,9,
punpu_scout,2.583,4.5403,7,
kyynel_demo,2.583,4.5403,7,
mafu_medic,2.583,4.5403,7,
deft_medic,2.5776,3.6951,9,AU/NZ
golden_scout,2.568,2.6136,20,NA
essence_scout,2.5538,3.0454,8,AU/NZ
banana_soldier,2.5538,3.0454,8,AU/NZ
razed_soldier,2.5538,3.0454,8,AU/NZ
vanquish_demo,2.5538,3.0454,8,AU/NZ
down_medic,2.5538,3.0454,8,AU/NZ
pelt_demo,2.5444,4.9094,56,NA
doll_scout,2.5355,3.6609,16,NA
snailboat_soldier,2.5355,3.6609,16,NA
tone-pot_soldier,2.5355,3.6609,16,NA
shupa_soldier,2.5101,3.3435,10,AU/NZ
andyroo_soldier,2.503,2.503,5,AU/NZ
glastry_soldier,2.4986,2.9479,17,EU
heebs_scout,2.4911,2.6421,30,AU/NZ
alt_soldier,2.4896,4.36,30,AU/NZ
ruwin_medic,2.4764,4.8165,6,NA
ringo_scout,2.475,4.8845,16,NA
yeremy_demo,2.475,4.8845,16,NA
ranga_soldier,2.4663,3.2984,34,NA
fishyard_scout,2.4566,2.4566,5,
traitor_scout,2.4566,2.4566,5,
harry_soldier,2.4566,2.4566,5,
z\xc3\xa9frosty_soldier,2.4566,2.4566,5,
bred_demo,2.4566,2.4566,5,
equal_medic,2.4566,2.4566,5,
dogroll_scout,2.4545,2.8961,17,AU/NZ
hugee_scout,2.4348,3.8416,23,EU
arentrir_soldier,2.4348,3.8416,23,EU
thaigrr_soldier,2.4334,2.9644,30,EU
render_soldier,2.4306,2.8117,9,AU/NZ
harryhook_scout,2.4213,3.3248,8,EU
pescanova_soldier,2.4213,3.3248,8,EU
matnun_soldier,2.4213,3.3248,8,EU
royze_medic,2.4213,3.3248,8,EU
skeej_medic,2.4069,2.8274,43,EU
heyy_medic,2.4063,3.6009,9,
destro_demo,2.4012,3.6077,7,NA
tictack_scout,2.3983,3.6901,32,NA
sjoeberg_scout,2.3974,3.3601,17,EU
bl0ke_scout,2.3957,3.381,5,
wltrs_scout,2.3921,5.9422,34,EU
sneis_soldier,2.392,2.392,5,EU
zappis_soldier,2.3878,2.8907,9,EU
knutsson_medic,2.3878,2.8907,9,EU
luggnuts_scout,2.3803,3.527,22,AU/NZ
kensi_scout,2.379,2.379,20,EU
boomer_demo,2.3759,3.4568,51,NA
harbleu_scout,2.3677,2.9619,4,
ducky_scout,2.3632,3.6833,16,NA
bloodsire_soldier,2.3632,3.6833,16,NA
tony_olsen_scout,2.3606,4.8304,6,
hunter 2.0_soldier,2.3606,4.8304,6,
cleanbuddy_soldier,2.3606,4.8304,6,
bumbo_demo,2.3606,4.8304,6,
degun_soldier,2.3302,3.1208,15,EU
hidan_demo,2.3302,3.1208,15,EU
izzy_medic,2.3302,3.1208,15,EU
ictus_scout,2.3214,3.0399,48,NA
clem_scout,2.3049,2.785,10,
ricco_soldier,2.3028,3.6901,16,NA
ender_demo,2.3028,3.6901,16,NA
perl_medic,2.3028,3.6901,16,NA
death_demo,2.2875,3.0392,14,EU
fuo_demo,2.2833,3.1623,5,
kritzonite_medic,2.2833,3.1623,5,
dennia_scout,2.2653,2.6712,55,EU
abender_soldier,2.2647,4.2271,9,AU/NZ
ph4ntom_medic,2.261,6.088,32,NA
kjkuod_soldier,2.2603,2.2603,2,
kylorfo_soldier,2.2603,2.2603,2,
bosskquish_scout,2.2588,2.2588,7,AU/NZ
wulonggoth_soldier,2.2588,2.2588,7,AU/NZ
squonk_medic,2.2588,2.2588,7,AU/NZ
klsz_scout,2.2568,3.764,25,EU
gnat_soldier,2.2453,3.3787,13,AU/NZ
basik_medic,2.2389,3.561,19,NA
jambo_scout,2.2266,3.4228,7,
moose_soldier,2.2266,3.4228,7,
tviq_scout,2.2098,3.097,18,EU
snow_scout,2.186,3.0687,7,AU/NZ
explode_medic,2.186,3.0687,7,AU/NZ
baud_soldier,2.1773,2.4324,6,EU
forsak3n_soldier,2.1732,2.1732,9,EU
atomic-_scout,2.1657,3.0931,16,EU
donjuan_scout,2.1575,2.5698,2,AU/NZ
feeling_soldier,2.1234,2.4015,18,EU
change_scout,2.1035,3.437,20,NA
snap_medic,2.0893,2.8141,5,
baklavadarryl_soldier,2.0837,2.5334,16,NA
r0cket_wizard_soldier,2.0837,2.5334,16,NA
megawac_medic,2.0837,2.5334,16,NA
utka_scout,2.0835,3.8586,9,EU
raelen_soldier,2.0792,3.3732,17,AU/NZ
quickiebomb_scout,2.0714,2.8648,32,NA
ether_demo,2.0607,2.9221,42,NA
2nuts_medic,2.0588,3.7674,10,EU
saltyy_scout,2.0525,3.3463,11,
bumbo_soldier,2.0504,3.2218,19,NA
sanz_medic,2.0458,4.7106,16,EU
puff_demo,2.0436,3.7248,32,NA
thrill_medic,2.0436,3.7248,32,NA
speedy_scout,2.0302,2.7055,5,NA
minimoose_soldier,2.0274,2.8694,3,EU
t0m_soldier,2.0216,4.537,36,EU
electraheart_scout,2.0174,2.439,3,
rive_scout,2.0174,2.439,3,
t._soldier,2.0174,2.439,3,
mojo_demo,2.0174,2.439,3,
race_ac_medic,2.0174,2.439,3,
droso_scout,2.0157,2.7575,23,EU
habib_scout,1.9874,1.9874,4,NA
$neaky_scout,1.9704,2.5196,26,EU
kori_scout,1.9563,2.0416,7,EU
hubris_soldier,1.9505,2.794,5,
toast_scout,1.9409,2.0959,8,
marmaduke_soldier,1.9308,2.1528,103,NA
halfwrong_scout,1.9273,3.4122,8,AU/NZ
spade_medic,1.9273,3.4122,8,AU/NZ
mattcv_scout,1.9191,2.302,4,
m?x_soldier,1.9191,2.302,4,
mici_medic,1.9191,2.302,4,
sw3ny_soldier,1.9153,3.4103,9,
tendon_medic,1.9153,3.4103,9,
unhuman_scout,1.9002,1.9002,7,EU
boomer_scout,1.8979,4.8494,18,NA
visitor_soldier,1.8979,4.8494,18,NA
alfa_demo,1.8979,4.8494,18,NA
punpu_soldier,1.8825,4.1541,5,EU
kyynel_medic,1.8825,4.1541,5,EU
wildpiggie_scout,1.8805,2.5227,9,
shades_soldier,1.8805,2.5227,9,
tavi_demo,1.8805,2.5227,9,
nasboii_demo,1.8743,2.3055,26,EU
seanbud_soldier,1.8686,3.7408,32,NA
opti_soldier,1.8583,2.6704,63,EU
bigpun_scout,1.8466,4.1289,32,NA
hems_scout,1.8449,3.1203,21,EU
xbs_medic,1.8265,1.8265,16,NA
davis_demo,1.7978,3.7797,53,NA
camille_scout,1.7929,2.2768,8,AU/NZ
aidelos_scout,1.778,2.3522,23,EU
iven_scout,1.7751,1.7751,7,AU/NZ
silvodox_scout,1.7751,1.7751,7,AU/NZ
essence_soldier,1.7751,1.7751,7,AU/NZ
quest_demo,1.7751,1.7751,7,AU/NZ
mack_medic,1.7751,1.7751,7,AU/NZ
frickmynick_scout,1.7723,3.5644,8,NA
davis_soldier,1.768,3.7408,16,NA
droog_demo,1.768,3.7408,16,NA
flame_medic,1.768,3.7408,16,NA
antwa_scout,1.7598,3.021,5,
pharoah_demo,1.7564,4.7652,50,NA
shupah_soldier,1.7248,2.968,17,AU/NZ
logan_scout,1.7183,2.7709,3,NA
kactuswactus_soldier,1.7183,2.7709,3,NA
cap_demo,1.7183,2.7709,3,NA
giffy_scout,1.7066,2.0739,16,NA
bdonski_scout,1.7066,2.0739,16,NA
panic_soldier,1.7066,2.0739,16,NA
chimpfeet_medic,1.7066,2.0739,16,NA
dork_scout,1.7049,2.5521,8,AU/NZ
foldedflea6825_medic,1.7049,2.5521,8,AU/NZ
degu_scout,1.7046,1.7046,7,EU
iatgink_scout,1.7046,1.7046,7,EU
buup_scout,1.7004,1.7004,3,
cookye_soldier,1.7004,1.7004,3,
disturbed_scout,1.6997,2.0782,10,AU/NZ
nosferatu_scout,1.6969,1.6969,16,NA
mikey_scout,1.6969,1.6969,16,NA
38special_soldier,1.6969,1.6969,16,NA
bigac_demo,1.6969,1.6969,16,NA
subtitled_scout,1.6765,1.6765,2,AU/NZ
osvaldo_scout,1.6757,2.2403,10,
agen_soldier,1.6757,2.2403,10,
slamberg_soldier,1.6665,3.4667,16,NA
dunc_scout,1.6625,2.6925,3,
haza_scout,1.6625,2.6925,3,
skre_soldier,1.6625,2.6925,3,
snap_soldier,1.6625,2.6925,3,
sommie_demo,1.6625,2.6925,3,
silvo_soldier,1.656,1.656,2,AU/NZ
clean buddy_scout,1.6193,1.6714,2,
pissy_soldier,1.6193,1.6714,2,
walrex_medic,1.6193,1.6714,2,
hubert_scout,1.6178,3.6312,9,
bl0ke_demo,1.6178,3.6312,9,
quacks_soldier,1.6143,2.8228,13,NA
durc_soldier,1.6125,2.9083,8,AU/NZ
feyn_demo,1.6125,2.9083,8,AU/NZ
samson_soldier,1.5852,1.5852,14,AU/NZ
celvn_medic,1.5756,1.5756,14,EU
ama_soldier,1.5504,4.9441,8,EU
jynxed_scout,1.5443,2.0817,21,NA
zilly_soldier,1.5426,2.4818,44,NA
grenjabob_scout,1.5372,3.9348,11,EU
grix_soldier,1.5266,3.2815,10,EU
aimer_scout,1.5255,2.4266,4,
claps_scout,1.5255,2.4266,4,
manacute_soldier,1.5255,2.4266,4,
slesh_soldier,1.5161,1.6257,2,EU
deli_demo,1.5161,1.6257,2,EU
marquis_scout,1.4863,1.4863,1,
kpc_soldier,1.4758,4.329,24,AU/NZ
matthes_soldier,1.4715,1.4715,68,EU
thefragile_scout,1.4679,3.2834,16,NA
carnage_soldier,1.4679,3.2834,16,NA
soup_soldier,1.4679,3.2834,16,NA
memphisvon_medic,1.4679,3.2834,16,NA
0mger_scout,1.4566,2.829,16,EU
darn_scout,1.4346,2.8141,8,
dunc_soldier,1.4346,2.8141,8,
kr4tos_demo,1.43,1.9128,11,EU
sushi_soldier,1.3754,1.3754,1,
redcoatzygote_soldier,1.3734,4.0367,13,AU/NZ
miskyworks_scout,1.3511,1.3511,1,
z3ph_scout,1.3511,1.3511,1,
haze_soldier,1.3511,1.3511,1,
holly_soldier,1.3511,1.3511,1,
fetus_demo,1.3511,1.3511,1,
shaman_medic,1.3511,1.3511,1,
doge_soldier,1.3485,3.0294,33,AU/NZ
lexx_demo,1.3452,2.3938,3,AU/NZ
kosuke_soldier,1.3406,1.9377,16,
trsiten_soldier,1.3165,1.3511,2,
golden_soldier,1.3165,1.3511,2,
georgi_demo,1.3165,1.3511,2,
johnny_demo,1.3087,2.2416,7,AU/NZ
flare_medic,1.3087,2.2416,7,AU/NZ
kbk_scout,1.281,2.3676,16,NA
oplaid_soldier,1.281,2.3676,16,NA
2c_soldier,1.281,2.3676,16,NA
tony_swan_medic,1.281,2.3676,16,NA
cherry_scout,1.2724,1.2724,1,AU/NZ
drle?nn_soldier,1.2709,1.2709,2,EU
exfane_soldier,1.2709,1.2709,1,EU
lev_scout,1.2517,1.2517,7,AU/NZ
rickrigatoni_scout,1.2447,2.5225,18,NA
don0vvu89n_scout,1.2447,2.5225,18,NA
hallow_scout,1.2419,1.9128,4,
walker_soldier,1.2419,1.9128,4,
ramagan_medic,1.2419,1.9128,4,
lukastank_demo,1.2083,1.2083,2,EU
gdk_demo,1.1963,1.1963,13,EU
hamaham_scout,1.1944,3.5956,7,
hannes_scout,1.1944,3.5956,7,
30.06_soldier,1.1944,3.5956,7,
mitsy_soldier,1.1917,1.1917,1,EU
beavern_scout,1.1828,3.3975,31,EU
turris_demo,1.1804,2.0054,4,AU/NZ
lanzer_demo,1.1695,1.1695,1,EU
kr4tos_medic,1.1674,4.06,24,EU
mcmuffin_scout,1.1658,1.9385,16,NA
gaston_soldier,1.1658,1.9385,16,NA
sequel_soldier,1.1658,1.9385,16,NA
chupa_demo,1.1658,1.9385,16,NA
eckm_medic,1.1658,1.9385,16,NA
pez_demo,1.1569,2.1449,4,AU/NZ
eskimo_soldier,1.1506,3.0913,9,EU
brotein_medic,1.147,1.8057,2,NA
obla_medic,1.1394,4.2965,14,AU/NZ
glimmer_soldier,1.1323,1.575,3,NA
cube_soldier,1.1317,3.6476,7,EU
tony olsen_scout,1.1272,1.4869,2,
clean buddy_soldier,1.1272,1.4869,2,
alan_demo,1.1272,1.4869,2,
bb_scout,1.1254,2.0505,11,
bluee_medic,1.1188,1.8076,2,
umlpst_soldier,1.1184,2.5225,22,NA
puck_soldier,1.1162,3.5574,16,EU
bradasparky_medic,1.0895,1.0895,3,
pokey_scout,1.0812,2.3869,20,NA
grieve_medic,1.0812,2.3869,20,NA
exfane_demo,1.0585,2.6925,4,
wai_medic,1.0585,2.6925,4,
shootist_scout,1.0574,2.6146,16,NA
ctrlfmuffin_soldier,1.0574,2.6146,16,NA
sureshot_demo,1.0574,2.6146,16,NA
eldritch_medic,1.0574,2.6146,16,NA
hat_soldier,1.0527,2.3481,4,
perfection_scout,1.0386,1.4221,2,
shining star_scout,1.0373,1.6703,6,NA
toss_soldier,1.0373,1.6703,6,NA
kura_beast_demo,1.0373,1.6703,6,NA
fluffy_scout,1.0241,3.783,8,
olliii_soldier,1.0241,3.783,8,
chairuser_medic,1.0225,3.8277,18,NA
messiah_soldier,0.9952,2.4417,6,
meatball_soldier,0.9952,2.4417,6,
caboose_medic,0.9952,2.4417,6,
permzilla_scout,0.9952,1.9682,4,
buttnose_scout,0.9952,1.9682,4,
funkadelic_soldier,0.9952,1.9682,4,
hyper_scout,0.9951,2.0215,8,AU/NZ
paymh_soldier,0.9951,2.0215,8,AU/NZ
wiggin_demo,0.9951,2.0215,8,AU/NZ
ollie_scout,0.9748,1.329,2,
yoot_soldier,0.9748,1.329,2,
blanc_demo,0.9748,1.329,2,
doug_medic,0.9748,1.329,2,
monti_scout,0.9663,1.6543,7,EU
mudbone_scout,0.9562,1.565,7,AU/NZ
gator_soldier,0.9562,1.565,7,AU/NZ
decap_demo,0.9562,1.565,7,AU/NZ
junuu_scout,0.9532,0.9532,7,EU
cuby_demo,0.9532,0.9532,7,EU
fygg_demo,0.9495,0.9753,32,NA
emgee_scout,0.9359,0.9359,5,AU/NZ
sean_demo,0.9359,0.9359,5,AU/NZ
gramps_medic,0.9359,0.9359,5,AU/NZ
pipelin_soldier,0.9147,2.8557,15,AU/NZ
logan_soldier,0.9122,0.9122,3,
aim_medic,0.9122,0.9122,3,
amr_scout,0.9047,1.7396,4,NA
hero_soldier,0.9047,1.7396,4,NA
gigi_demo,0.8912,0.9558,2,
honey_medic,0.8882,2.1951,35,EU
rikachu_demo,0.8784,1.3099,32,NA
phrakture_demo,0.8759,6.4556,34,NA
turbo_medic,0.8725,2.0821,20,EU
namey_scout,0.872,4.6752,19,AU/NZ
dmoule_scout,0.8628,1.9261,9,EU
hsr_scout,0.8605,0.8605,7,AU/NZ
ben_soldier,0.8605,0.8605,7,AU/NZ
zildjian_medic,0.8605,0.8605,7,AU/NZ
salt_soldier,0.8357,2.2901,5,EU
fancyson_scout,0.8294,2.3019,19,NA
cadius_scout,0.8228,0.8228,2,AU/NZ
sole_scout,0.8228,0.8228,2,AU/NZ
logik_soldier,0.8228,0.8228,2,AU/NZ
soapymeister_soldier,0.818,1.3445,3,NA
hildreth_soldier,0.8124,1.9128,7,
shyyou_soldier,0.8089,1.5673,13,EU
dikker_medic,0.8089,1.5673,13,EU
zafus_scout,0.8074,0.8074,2,
dan_soldier,0.8074,0.8074,2,
mould_soldier,0.8074,0.8074,2,
swift_demo,0.8074,0.8074,2,
scoffer_medic,0.8074,0.8074,2,
spitty_medic,0.7991,1.3511,4,AU/NZ
zbryan_scout,0.7949,3.6901,32,NA
silvos_soldier,0.7899,1.3799,3,AU/NZ
scar_soldier,0.7733,2.7371,25,EU
bowt_scout,0.7686,1.6555,4,AU/NZ
puddy_soldier,0.7686,1.6555,4,AU/NZ
exile_demo,0.7566,4.099,78,NA
johnny_medic,0.7544,2.6925,10,AU/NZ
bear_soldier,0.7451,0.9045,9,
playmo_soldier,0.7451,1.6684,2,NA
emgee_soldier,0.7441,2.6076,62,AU/NZ
maggles_scout,0.726,2.0842,2,
saartje_scout,0.726,2.0842,2,
wai_soldier,0.726,2.0842,2,
coleman_soldier,0.726,2.0842,2,
krafty_soldier,0.7067,1.2404,2,EU
teeno_scout,0.7005,1.5482,2,AU/NZ
tal_medic,0.7005,1.5482,2,AU/NZ
toemas_soldier,0.6988,0.708,6,EU
warhuryeah_soldier,0.6955,2.5577,16,EU
els_scout,0.6623,0.6623,5,
vilge_scout,0.6623,0.6623,5,
alx-1_soldier,0.6623,0.6623,5,
skete_soldier,0.6623,0.6623,5,
resk3r_demo,0.6623,0.6623,5,
luikuri_medic,0.6623,0.6623,5,
azn_soldier,0.6614,1.6722,5,EU
dante_scout,0.657,1.0297,16,NA
tri__soldier,0.657,1.0297,16,NA
sepu_scout,0.6457,2.3666,7,EU
kanye_scout,0.6384,1.4911,7,AU/NZ
draft_demo,0.6293,1.7212,6,AU/NZ
hobbes_medic,0.6293,1.7212,6,AU/NZ
ukm_scout,0.6192,1.6073,32,NA
pingu_scout,0.5875,1.3642,7,AU/NZ
zoek_soldier,0.5875,1.3642,7,AU/NZ
joseph_demo,0.5868,1.3098,7,EU
kondor_scout,0.5677,0.5677,2,
dronos_soldier,0.5677,0.5677,2,
crass_soldier,0.5677,0.5677,2,
whitebrozer_medic,0.5677,0.5677,2,
martenbiter_medic,0.5674,1.0656,3,
ampersand_medic,0.5454,2.3731,16,AU/NZ
turris_soldier,0.5205,1.4469,2,AU/NZ
mateo_demo,0.5205,1.4469,2,AU/NZ
coyo_geezer_soldier,0.5158,1.377,2,
ascend_medic,0.5158,1.377,2,
split_medic,0.5117,0.9603,26,NA
wbacon_medic,0.5112,1.3511,20,NA
waves_scout,0.507,1.3621,2,AU/NZ
stamm_soldier,0.507,1.3621,2,AU/NZ
bl4nk_scout,0.4989,2.3776,32,NA
zerk_scout,0.497,1.5461,3,
user_demo,0.497,1.5461,3,
cadet_scout,0.4927,1.3754,3,
mr slin_medic,0.4898,1.4211,16,NA
xander_medic,0.4807,1.2998,14,AU/NZ
rad_scout,0.4637,1.4603,7,EU
stan_demo,0.4637,1.4603,7,EU
povohat_scout,0.4637,0.4637,2,AU/NZ
mikeh_scout,0.4637,0.4637,2,AU/NZ
grey_soldier,0.4637,0.4637,2,AU/NZ
prime_demo,0.4637,0.4637,2,AU/NZ
zoob_soldier,0.4603,1.3573,25,EU
fluo_soldier,0.4511,5.2419,15,EU
ory_soldier,0.4507,1.3598,2,AU/NZ
ceejaey_medic,0.4419,0.5939,10,
namtac_scout,0.4416,1.1965,7,EU
ama_scout,0.4343,1.4858,2,EU
joe_soldier,0.4343,1.4858,2,EU
rising_medic,0.4293,2.9584,7,AU/NZ
yachty_soldier,0.4279,1.2517,8,AU/NZ
essence_medic,0.4279,1.2517,8,AU/NZ
mac_soldier,0.4277,1.8816,8,AU/NZ
calski_scout,0.4178,1.8723,24,AU/NZ
zesty_soldier,0.4143,0.4927,9,EU
hhhwrd_scout,0.4103,0.9906,3,NA
prograde_scout,0.3985,0.3985,4,
cerby_soldier,0.3985,0.3985,4,
b0nes_soldier,0.3985,0.3985,4,
reem_demo,0.3985,0.3985,4,
trxz_medic,0.3985,0.3985,4,
mad_soldier,0.398,2.4188,36,AU/NZ
mattu_soldier,0.3945,1.4274,3,EU
jeven99_soldier,0.3884,0.6855,4,EU
kevv_scout,0.3855,1.6589,16,NA
lunacide_soldier,0.3855,1.6589,16,NA
linkuser_scout,0.3808,5.3626,48,NA
heyy_soldier,0.3648,1.3524,2,AU/NZ
bl4nk_soldier,0.3643,5.4924,59,NA
grey_scout,0.3522,1.3511,2,
raiin_scout,0.3522,1.3511,2,
prime_soldier,0.3522,1.3511,2,
povohat_soldier,0.3522,1.3511,2,
mikeeeeh_demo,0.3522,1.3511,2,
yuki_medic,0.3481,1.3598,2,AU/NZ
klar_soldier,0.3393,1.2961,3,EU
tsunamii_medic,0.3353,0.3353,2,
flinn_demo,0.3336,1.0455,5,EU
fizzypug_scout,0.3326,1.1311,3,
cloudy_soldier,0.3326,1.1311,3,
vclox_soldier,0.3326,1.1311,3,
havok_scout,0.3123,1.4368,2,EU
marco_soldier,0.3123,1.4368,2,EU
ronny_medic,0.3123,1.4368,2,EU
matt_scout,0.3108,1.3511,2,
appz_scout,0.3108,1.3511,2,
dr.justice_soldier,0.3108,1.3511,2,
springer_soldier,0.3108,1.3511,2,
skinnie_demo,0.3108,1.3511,2,
boomeh_medic,0.3108,1.3511,2,
doughy_medic,0.2868,1.498,9,EU
sweater_soldier,0.2834,1.3203,16,NA
dave ac_demo,0.2834,1.3203,16,NA
mr_positivity_medic,0.2834,1.3203,16,NA
meb_scout,0.2825,4.8967,16,NA
charlie_soldier,0.2683,2.1668,17,EU
sextis_scout,0.2658,0.2658,2,
gwada_soldier,0.2658,0.2658,2,
solar_soldier,0.2491,1.1863,9,
stick_demo,0.2491,1.1863,9,
tyranny_scout,0.2484,1.0364,16,NA
xsephy_scout,0.2484,1.0364,16,NA
otter_soldier,0.2484,1.0364,16,NA
romeolove_soldier,0.2484,1.0364,16,NA
zalfy_demo,0.2484,1.0364,16,NA
bowl_demo,0.2386,1.6008,26,NA
michael_scout,0.2344,1.1089,14,AU/NZ
sickday_scout,0.2344,1.1089,14,AU/NZ
kodyn_soldier,0.2344,1.1089,14,AU/NZ
sadgasm_scout,0.221,1.8612,7,AU/NZ
aneurysm_soldier,0.221,1.8612,7,AU/NZ
tomnas_scout,0.2175,0.2175,7,EU
kalh\xc3\xb3_soldier,0.2175,0.2175,7,EU
market_scout,0.1948,1.0708,7,NA
jun0_soldier,0.1899,0.3438,9,
nation_scout,0.1841,1.5482,4,
snh_scout,0.1841,1.5482,4,
koling_soldier,0.1841,1.5482,4,
mercyless_scout,0.1818,1.3511,2,AU/NZ
oni_demo,0.1818,1.3511,2,AU/NZ
smoke_medic,0.1818,1.3511,2,AU/NZ
oj_soldier,0.1697,3.5956,14,
deox_scout,0.1554,1.3309,59,EU
moy_demo,0.1542,0.1942,16,NA
tino_medic,0.1542,0.1942,16,NA
ryan_soldier,0.1307,2.0339,7,AU/NZ
dev_soldier,0.1307,2.0339,7,AU/NZ
mack_demo,0.1307,2.0339,7,AU/NZ
lunar_medic,0.1307,2.0339,7,AU/NZ
kalh?_soldier,0.1265,0.6159,3,EU
yak_demo,0.1206,2.302,14,
joe_demo,0.111,2.2325,10,EU
dubious_soldier,0.0963,4.2965,21,AU/NZ
v4na_medic,0.0871,2.4372,11,AU/NZ
cos coa_medic,0.0866,0.8329,14,AU/NZ
kylorfo_scout,0.0845,0.0845,2,
muma_soldier,0.0845,0.0845,2,
hedgehog hero_demo,0.0845,0.0845,2,
zoomxze_medic,0.0845,0.0845,2,
cronk_scout,0.0779,1.3511,5,
karatefarmer_scout,0.0779,1.3511,5,
spirit_soldier,0.0779,1.3511,5,
collaide_soldier,0.0779,1.3511,5,
moleapples_demo,0.0779,1.3511,5,
kuferl_medic,0.0779,1.3511,5,
ratslayer_demo,0.0647,1.7006,34,EU
lansky_scout,0.0571,1.2126,48,NA
buttnose_soldier,0.0388,0.3839,7,EU
mystt_scout,0.0311,1.2815,7,EU
kouna_demo,0.0311,1.2815,7,EU
kars_medic,0.0311,1.2815,7,EU
takeyon_soldier,0.0276,0.3556,3,AU/NZ
frhank_soldier,0.0228,0.0228,7,AU/NZ
razed_medic,0.0228,0.0228,7,AU/NZ
lucky_medic,0.0219,0.6504,11,
tamir_scout,0.0216,0.7601,3,
j__scout,0.0216,0.7601,3,
lsd_medic,0.0216,0.7601,3,
ed_scout,0.0161,1.0261,3,
vich?thescouse_scout,0.0161,1.0261,3,
blobinet_soldier,0.0161,1.0261,3,
mckoston_soldier,0.0161,1.0261,3,
hcsc0ut_demo,0.0161,1.0261,3,
sarah_medic,0.0161,1.0261,3,
weeb_whacker_medic,0.0081,1.2171,15,NA
iikq_demo,0.0057,0.184,7,EU
donut_scout,0.0018,2.0412,5,EU
traxantic_soldier,0.0018,2.0412,5,EU
cyber_soldier,0.0018,2.0412,5,EU
p-rez_scout,0.0004,0.322,14,EU
n/a_soldier,0,0,192,NA
n/a_scout,0,0,160,NA
n/a_demo,0,0,98,NA
n/a_medic,0,0,80,NA
pootashpierre_medic,0,0,1,EU
prozak_scout,0,0,1,EU
macisum_demo,0,0,1,EU
nehcro_scout,0,0,1,NA
nurfu_soldier,0,0,1,NA
deimos_demo,0,0,1,NA
dinko_medic,0,0,1,NA
tony_scout,-0.0018,0.0298,3,NA
yuice_soldier,-0.0018,0.0298,3,NA
youmustmike_scout,-0.0029,6.8889,50,NA
vinty_medic,-0.0232,0.7775,3,AU/NZ
cozen_scout,-0.0282,0.4409,6,
gf18_idiot_scout,-0.0412,1.4473,3,
killari_soldier,-0.0412,1.4473,3,
.xio_medic,-0.0428,1.2342,16,EU
mac_demo,-0.0679,0.0631,7,AU/NZ
anderson_demo,-0.0686,2.0842,5,
ins_scout,-0.0695,0,7,EU
melle_soldier,-0.0695,0,7,EU
bl0ke_soldier,-0.0804,0.5698,7,EU
eon_medic,-0.0804,0.5698,7,EU
zaka_scout,-0.0831,4.1831,10,AU/NZ
manky_soldier,-0.1055,0.596,17,EU
samson_scout,-0.1061,1.0348,7,
remorse_medic,-0.1061,1.0348,7,
beesha_scout,-0.1133,0.684,2,AU/NZ
exquizit_scout,-0.1142,0,1,
a festive fish_scout,-0.1142,0,1,
hive_soldier,-0.1142,0,1,
annabelle_soldier,-0.1142,0,1,
silent*_demo,-0.1142,0,1,
ashoo_medic,-0.1142,0,1,
unable_scout,-0.1276,1.49,7,EU
dr. phil_soldier,-0.1276,1.49,7,EU
aaant_scout,-0.1591,1.9539,16,NA
darkstarr_scout,-0.1591,1.9539,16,NA
rick____soldier,-0.1591,1.9539,16,NA
memphisvon_demo,-0.1591,1.9539,16,NA
fisshu_scout,-0.1674,1.2709,2,EU
gotti_soldier,-0.1695,1.0053,10,EU
demos_demo,-0.1695,1.0053,10,EU
starbucks_scout,-0.1714,1.3003,2,AU/NZ
marvin_scout,-0.172,0.4115,3,
ceymoure_soldier,-0.172,0.4115,3,
ash_demo,-0.172,0.4115,3,
cvm_medic,-0.172,0.4115,3,
tree_scout,-0.1857,0,1,
slippi_soldier,-0.1857,0,1,
wild_rumpus_demo,-0.1857,0,1,
apathy_scout,-0.1972,0.8008,5,
ox_soldier,-0.202,1.2342,7,EU
amarok_demo,-0.2236,2.7684,6,EU
esper_scout,-0.224,1.2734,12,NA
legit_scout,-0.224,1.2734,12,NA
wonder._soldier,-0.2416,1.2171,20,NA
maxi_scout,-0.2512,0.8074,9,
lippy_soldier,-0.2525,2.33,14,EU
yoob_scout,-0.2695,0.4181,6,
illya_scout,-0.2695,0.4181,6,
xhon_soldier,-0.2695,0.4181,6,
saint_soldier,-0.2695,0.4181,6,
joe_medic,-0.273,0.2103,7,EU
lilcute_scout,-0.2775,0.5718,3,
acecle_demo,-0.2775,0.5718,3,
trumpet_demo,-0.2937,0.1248,14,AU/NZ
fette_scout,-0.2983,1.496,3,
sommie_soldier,-0.2983,1.496,3,
weqo_soldier,-0.2983,1.496,3,
russi_demo,-0.2983,1.496,3,
glufse_medic,-0.2983,1.496,3,
delph_soldier,-0.3054,0.1188,7,AU/NZ
scrab_scout,-0.3087,3.7096,36,EU
gar_soldier,-0.3109,0,1,
tendon_soldier,-0.3109,0,1,
bv_scout,-0.3113,0.6355,7,
shadyr_scout,-0.3113,0.6355,7,
cinder_soldier,-0.3113,0.6355,7,
cnoz_demo,-0.3113,0.6355,7,
dvs_medic,-0.3113,0.6355,7,
reero_soldier,-0.3225,0.3429,3,
magic_scout,-0.34,1.1018,2,NA
scouty_scout,-0.34,1.1018,2,NA
froste_soldier,-0.34,1.1018,2,NA
throne_soldier,-0.34,1.1018,2,NA
footsocks_medic,-0.34,1.1018,2,NA
amp-t_soldier,-0.3602,0.9558,3,EU
vortex_scout,-0.3609,0,1,
blink_scout,-0.3609,0,1,
moisdm_soldier,-0.3609,0,1,
jigsaw_soldier,-0.3609,0,1,
tony_demo,-0.3609,0,1,
reconocer_medic,-0.3609,0,1,
dippidy_scout,-0.3621,0,10,NA
soala_scout,-0.3697,0,1,
lucki_scout,-0.3697,0,1,
davidredface_soldier,-0.3697,0,1,
ckrow_soldier,-0.3697,0,1,
sushi_demo,-0.3697,0,1,
rene_medic,-0.3697,0,1,
rake_scout,-0.3834,0.4579,6,EU
sam_scout,-0.3846,0.4934,3,AU/NZ
yuki_demo,-0.3846,0.4934,3,AU/NZ
bwelp_scout,-0.3869,7.5499,66,NA
rep_soldier,-0.3901,2.9062,35,NA
kev777_scout,-0.3927,0,6,NA
_xyph_scout,-0.3929,0,7,AU/NZ
bananabread_scout,-0.3929,0,7,AU/NZ
roro_soldier,-0.3929,0,7,AU/NZ
eggnormous_demo,-0.3929,0,7,AU/NZ
bunneez_medic,-0.3929,0,7,AU/NZ
jvsh_scout,-0.3995,0.2312,7,AU/NZ
benj_scout,-0.3995,0.2312,7,AU/NZ
skaz_soldier,-0.3995,0.2312,7,AU/NZ
tangy_scout,-0.4005,2.2394,16,NA
cinq_scout,-0.4005,2.2394,16,NA
basikmmtxc_soldier,-0.4005,2.2394,16,NA
3tf2_soldier,-0.4005,2.2394,16,NA
boulder_demo,-0.4005,2.2394,16,NA
sweater_medic,-0.4005,2.2394,16,NA
karnax_scout,-0.408,1.3491,33,EU
xobile_scout,-0.4099,0,11,AU/NZ
modus_demo,-0.4115,1.0615,16,AU/NZ
samson_medic,-0.4129,0,1,AU/NZ
ondkaja_medic,-0.4132,2.6834,27,EU
tiram_soldier,-0.4152,1.3293,8,
rintincan_soldier,-0.4158,1.3223,5,AU/NZ
m0re_scout,-0.4211,0.467,3,
monkiainen_scout,-0.4211,0.467,3,
rake_soldier,-0.4211,0.467,3,
dajackal_soldier,-0.4211,0.467,3,
perry_demo,-0.4211,0.467,3,
arjeni_medic,-0.4211,0.467,3,
kordian_scout,-0.4245,0,1,
loww_soldier,-0.4245,0,1,
e-vil_soldier,-0.4245,0,1,
daga_demo,-0.4283,1.8076,5,EU
head hunter_scout,-0.4431,0.6293,3,
arcadia_medic,-0.4442,0.4181,7,
beep_scout,-0.4475,5.3014,25,AU/NZ
downpour_scout,-0.4481,1.0779,16,NA
skarlett_soldier,-0.4481,1.0779,16,NA
djc_soldier,-0.4481,1.0779,16,NA
theoverseer_medic,-0.4481,1.0779,16,NA
amppis_soldier,-0.463,1.3925,9,EU
faith_scout,-0.463,1.0137,4,AU/NZ
realm_demo,-0.463,1.0137,4,AU/NZ
laz_scout,-0.4818,0,3,NA
highfive_demo,-0.4818,0,3,NA
freaky_medic,-0.4819,1.5461,4,AU/NZ
buddah_soldier,-0.4875,0,1,AU/NZ
q_medic,-0.4875,0,1,AU/NZ
sonny black_soldier,-0.4942,0.4579,3,
commanderx_soldier,-0.4942,0.4579,3,
nadir_demo,-0.4942,0.4579,3,
allyy_medic,-0.4942,0.4579,3,
nintails_scout,-0.5079,1.377,3,
nake_soldier,-0.5082,1.2037,16,NA
lange_soldier,-0.5082,1.2037,16,NA
shiny_scout,-0.5085,1.4404,32,NA
fanva_scout,-0.518,0.4906,3,
macisum_scout,-0.518,0.4906,3,
torden_soldier,-0.518,0.4906,3,
weqo_demo,-0.518,0.4906,3,
wltrs_medic,-0.518,0.4906,3,
hiper_soldier,-0.5185,0.3353,3,
kuaki_demo,-0.5185,0.3353,3,
razorsedge_scout,-0.5233,1.9128,14,EU
planck_scout,-0.5276,1.0153,3,
jlebs_scout,-0.5276,1.0153,3,
mopahh_demo,-0.5276,1.0153,3,
009eff_medic,-0.5276,1.0153,3,
nuze_demo,-0.5368,0.2773,16,EU
sid vicious_scout,-0.5389,0.5878,6,EU
deux_scout,-0.5514,1.3468,4,EU
adiemus_scout,-0.5514,1.3468,3,
depch_soldier,-0.5514,1.3468,3,
hekka_soldier,-0.5514,1.3468,3,
hat_demo,-0.5514,1.3468,3,
line_medic,-0.5514,1.3468,3,
humis_scout,-0.5557,0.467,3,
reve_soldier,-0.5557,0.467,3,
h4wk_demo,-0.5557,0.467,3,
dashing_medic,-0.5557,0.467,3,
domo_medic,-0.5587,1.8999,13,EU
yuice_demo,-0.5729,0.3354,43,NA
alexandros_soldier,-0.5837,1.6381,73,NA
jimb0t_demo,-0.5837,0.4906,3,
jynxii_scout,-0.584,0.1649,3,
menty_demo,-0.584,0.1649,3,
rb_scout,-0.5881,2.4418,16,NA
spadez_scout,-0.5881,2.4418,16,NA
blinky_medic,-0.5881,2.4418,16,NA
damneasy_soldier,-0.5921,1.4593,30,EU
cor_scout,-0.6066,0.3511,3,
maidu_scout,-0.6066,0.3511,3,
hycz_soldier,-0.6066,0.3511,3,
hawku_soldier,-0.6066,0.3511,3,
lalli_demo,-0.6066,0.3511,3,
aniph_medic,-0.6121,0.6596,32,NA
raiin_soldier,-0.6141,0.4637,3,AU/NZ
oben_scout,-0.6162,0,1,
morni_soldier,-0.6162,0,1,
blurri_medic,-0.6162,0,1,
aino_scout,-0.6319,1.3621,11,AU/NZ
clip_soldier,-0.6413,1.4992,9,EU
vana_scout,-0.6415,1.4036,8,AU/NZ
dr. phil_demo,-0.6454,0,4,
quik_soldier,-0.6534,0,7,EU
poo0p_demo,-0.6574,1.3649,3,NA
gex_scout,-0.6594,0.3298,3,
inqui_scout,-0.6594,0.3298,3,
aves_soldier,-0.6594,0.3298,3,
bpf_soldier,-0.6594,0.3298,3,
pbl_demo,-0.6594,0.3298,3,
rts_medic,-0.6594,0.3298,3,
psychoclarkie_medic,-0.661,2.0842,4,
darty_scout,-0.6632,0,5,NA
tesla_soldier,-0.6738,0.1007,10,AU/NZ
jakle_soldier,-0.6769,1.4083,3,
snyyyppis_soldier,-0.6769,1.4083,3,
bybben_soldier,-0.6831,0,3,
haza_medic,-0.6831,0,3,
aliensmiley_scout,-0.6841,0,24,EU
pennyfarming_scout,-0.686,0.2215,3,
head hunter_soldier,-0.686,0.2215,3,
siberia_soldier,-0.6983,0.2057,3,AU/NZ
memories_demo,-0.6983,0.2057,3,AU/NZ
wrech_scout,-0.7069,0,16,NA
connor_soldier,-0.7069,0,16,NA
chriz_tah_fah_demo,-0.7069,0,16,NA
ympo_demo,-0.7254,0.5654,23,EU
brutechop_scout,-0.7294,0,1,
tree_soldier,-0.7294,0,1,
garthnuk_demo,-0.7294,0,1,
bbl_medic,-0.7294,0,1,
rainoflight_scout,-0.736,0.3985,5,
kjku0d_scout,-0.7453,0.992,3,NA
afroman_scout,-0.7614,0,1,
kbn_scout,-0.7614,0,1,
avo_soldier,-0.7614,0,1,
frydog_demo,-0.7614,0,1,
litany_soldier,-0.7617,1.2126,16,NA
bldsre_demo,-0.7617,1.2126,16,NA
jaeger_medic,-0.7617,1.2126,16,NA
divine_scout,-0.7644,0,2,NA
brick_medic,-0.7644,0,2,NA
sprite_medic,-0.7688,0.7387,5,EU
chunkey_soldier,-0.7759,0.2454,3,
indecency_demo,-0.7759,0.2454,3,
frysk_scout,-0.7819,0,1,
tammrock_soldier,-0.7819,0,1,
enigma_soldier,-0.7962,1.1416,20,NA
zia_soldier,-0.8018,0,18,NA
raptor_soldier,-0.8066,0.4927,4,
wndr_scout,-0.807,0.1083,3,
coleman_medic,-0.807,0.1083,3,
crud_demo,-0.8076,0,13,AU/NZ
nuthouse_scout,-0.8085,1.1341,18,EU
squirrel_bvc_soldier,-0.8178,0,9,
slash_scout,-0.8401,0,1,
zoom_scout,-0.8401,0,1,
elees_soldier,-0.8401,0,1,
mantas_soldier,-0.8445,1.3767,3,
fallen_medic,-0.8445,1.3767,3,
monsta_scout,-0.8497,4.4443,32,NA
menty_medic,-0.8514,0,7,EU
.erik_scout,-0.8526,0.1822,3,
sale_boat_soldier,-0.8526,0.1822,3,
macrp_demo,-0.8526,0.1822,3,
dokbob_medic,-0.8526,0.1822,3,
adolo_scout,-0.8565,0.1188,16,AU/NZ
ace_scout,-0.8575,1.3511,3,
shrike410_scout,-0.8575,1.3511,3,
sylosin_soldier,-0.8575,1.3511,3,
e-thug_soldier,-0.8575,1.3511,3,
head hunter_demo,-0.8575,1.3511,3,
zethzio_medic,-0.8575,1.3511,3,
\xd2\x89jack\xd2\x89_soldier,-0.8661,0.7247,7,AU/NZ
evilmoon_medic,-0.8817,2.0412,6,EU
mef_demo,-0.8871,0,1,AU/NZ
scyper_demo,-0.8925,3.5956,14,
kuhnockers_soldier,-0.8934,0,2,
nowah_medic,-0.8934,0,2,
sakura_soldier,-0.894,1.7485,16,NA
broodstar_medic,-0.894,1.7485,16,NA
jersh_soldier,-0.8957,0.1111,13,AU/NZ
hat_scout,-0.9036,1.4318,7,EU
linus_soldier,-0.9036,1.4318,7,EU
thesucker_medic,-0.9036,1.4318,7,EU
hemp_scout,-0.9054,1.2106,3,EU
osakana_medic,-0.9072,0,2,AU/NZ
daffodil_soldier,-0.9244,1.4404,30,NA
skinnie_scout,-0.9251,0,1,EU
pena_soldier,-0.9251,0,1,EU
byte_demo,-0.9251,0,1,EU
ajc_medic,-0.9251,0,1,EU
larsa_soldier,-0.9303,0,1,EU
warp_scout,-0.9321,0,4,
fishage_medic,-0.9321,0,4,
aubriac_soldier,-0.9376,0,3,
heyy_scout,-0.9395,0,1,AU/NZ
pride_soldier,-0.9395,0,1,AU/NZ
lyuiop_medic,-0.9395,0,1,AU/NZ
nadir_soldier,-0.9406,0,1,EU
iusti_scout,-0.9461,0,1,EU
z0mbity_scout,-0.9478,0,1,AU/NZ
rain_soldier,-0.9478,0,1,AU/NZ
cinderella_demo,-0.9478,0,1,AU/NZ
daveii_medic,-0.9478,0,1,AU/NZ
thegreatmage_scout,-0.9487,1.3511,22,NA
ally_scout,-0.9487,1.3511,22,NA
pluxa_soldier,-0.9576,0,1,
imectus_demo,-0.9606,0,2,
rowan_medic,-0.9606,0,2,
callum_soldier,-0.9626,1.3646,7,EU
tojo_scout,-0.9737,0,1,
molly_soldier,-0.9737,0,1,
akame_scout,-0.9754,0,1,AU/NZ
miles_scout,-0.9754,0,1,AU/NZ
honk knoh_soldier,-0.9754,0,1,AU/NZ
dajono_demo,-0.9754,0,1,AU/NZ
taz_scout,-0.9782,0,1,
miperton_soldier,-0.9782,0,1,
andrew_demo,-0.9782,0,1,
elena manetta_medic,-0.9782,0,1,
kissakala_medic,-0.9825,1.3997,12,EU
neight_scout,-0.983,0,4,NA
yaug_soldier,-1.0048,2.1914,36,NA
poy_medic,-1.0057,0.7272,8,EU
beta_scout,-1.006,0,1,
wai_scout,-1.006,0,1,
wlv_soldier,-1.006,0,1,
runesky_soldier,-1.006,0,1,
boomting_demo,-1.006,0,1,
acidrenix_medic,-1.006,0,1,
thefragile_soldier,-1.006,0,1,
dummy_soldier,-1.006,0,1,
hubris_demo,-1.006,0,1,
oplaid_medic,-1.006,0,1,
evil_soldier,-1.006,0,1,
light_demo,-1.006,0,1,
zerox_medic,-1.006,0,1,
dylie_scout,-1.006,0,1,AU/NZ
rhyz_demo,-1.006,0,1,AU/NZ
fear_medic,-1.006,0,1,AU/NZ
ales_medic,-1.006,0,1,
zefur_scout,-1.006,0,1,
taiga_scout,-1.006,0,1,
treemonkey_soldier,-1.006,0,1,
dave2_soldier,-1.006,0,1,
420fart_demo,-1.006,0,1,
squidie_medic,-1.006,0,1,
hef_soldier,-1.0104,0,1,AU/NZ
doctrine_demo,-1.0104,0,1,AU/NZ
maze_scout,-1.0116,0.1849,16,NA
serpah_scout,-1.0117,0,7,AU/NZ
fez_soldier,-1.0117,0,7,AU/NZ
kl_soldier,-1.0117,0,7,AU/NZ
crybaby_medic,-1.0117,0,7,AU/NZ
cider_medic,-1.0166,3.5956,11,
anna_scout,-1.0198,0.1487,3,
gabby_scout,-1.0198,0.1487,3,
cereai_soldier,-1.0198,0.1487,3,
mur_soldier,-1.0198,0.1487,3,
baba_demo,-1.0198,0.1487,3,
exeloar_medic,-1.0198,0.1487,3,
rouge_medic,-1.0199,0,2,
evans_scout,-1.0227,0,2,
ninya_soldier,-1.0227,0,2,
lfbeans_scout,-1.0244,0,8,
pijacka_scout,-1.0244,0,8,
credu_soldier,-1.0244,0,8,
maverick_soldier,-1.0244,0,8,
habina_medic,-1.0244,0,8,
robot with human hair_scout,-1.03,0,1,
saucy jack_scout,-1.03,0,1,
bens0_soldier,-1.03,0,1,
scratta_soldier,-1.03,0,1,
elektro_demo,-1.03,0,1,
derpman107_medic,-1.03,0,1,
ant_scout,-1.0325,0,1,
z3no_scout,-1.0325,0,1,
dogbark_soldier,-1.0325,0,1,
vanxi_soldier,-1.0325,0,1,
assterisk_demo,-1.0325,0,1,
daren_medic,-1.0325,0,1,
souyant_scout,-1.0368,0,1,
zaboomafoo_demo,-1.0368,0,1,
senko_scout,-1.0523,0,1,
vouri_scout,-1.0723,0,7,
ecull_demo,-1.0723,0,7,
bubschen_scout,-1.0733,0,2,
tack_scout,-1.0733,0,2,
snyyppis_soldier,-1.0733,0,2,
caned_soldier,-1.0733,0,2,
tobyy_demo,-1.0733,0,2,
mafu_demo,-1.0836,0,1,EU
tonberry_soldier,-1.088,0,8,AU/NZ
seal_soldier,-1.0898,0,5,
fennex_scout,-1.0923,0,1,AU/NZ
long?s_scout,-1.0937,0,5,EU
koeitje_soldier,-1.0937,0,5,EU
mineral_soldier,-1.0937,0,5,EU
erectus_demo,-1.0937,0,5,EU
taimou_medic,-1.0937,0,5,EU
benjay_scout,-1.1025,0.8211,7,AU/NZ
cos coa_scout,-1.1025,0.8211,7,AU/NZ
hyperion_soldier,-1.1025,0.8211,7,AU/NZ
skaz_demo,-1.1025,0.8211,7,AU/NZ
lexx_medic,-1.1025,0.8211,7,AU/NZ
phake_scout,-1.1054,0,1,AU/NZ
cinderella man_demo,-1.1054,0,1,AU/NZ
colin_medic,-1.1054,0,1,AU/NZ
shrike410_soldier,-1.1118,0.6293,6,
moursi_scout,-1.1164,0.2215,6,
wbacon_scout,-1.1197,0,4,
wackyfire_scout,-1.1197,0,4,
slicerogue_soldier,-1.1197,0,4,
rkcbb_medic,-1.1197,0,4,
setlet_demo,-1.125,3.5104,21,EU
joeyy_scout,-1.1371,0,1,
mel0n_scout,-1.1371,0,1,
prc_soldier,-1.1371,0,1,
danny d_soldier,-1.1371,0,1,
ryot_demo,-1.1371,0,1,
lenny_medic,-1.1383,0.6712,7,EU
eepily_soldier,-1.1396,0,2,
cupcake_soldier,-1.1396,0,2,
o'learry_demo,-1.1396,0,2,
frisbee_soldier,-1.1406,0,4,NA
ghadilli_medic,-1.1406,0,4,NA
lunar_scout,-1.151,0,7,AU/NZ
rsn_demo,-1.151,0,7,AU/NZ
shupah_medic,-1.151,0,7,AU/NZ
skele_scout,-1.1521,0,2,
yoona_medic,-1.1521,0,2,
zach_scout,-1.1535,0,1,AU/NZ
spice_soldier,-1.1535,0,1,AU/NZ
yemitea_medic,-1.1535,0,1,AU/NZ
tyson_soldier,-1.1665,0,2,
mono72_soldier,-1.1665,0,2,
rktgod_medic,-1.1665,0,2,
voxi_scout,-1.1666,0,7,EU
mattyazn_demo,-1.1666,0,7,EU
jen_medic,-1.168,2.0215,15,AU/NZ
trumpet_scout,-1.1747,0,1,
toqoz_medic,-1.1747,0,1,
hiipfire_scout,-1.1751,0.3422,5,
wolfy_scout,-1.1751,0.3422,5,
skyro_soldier,-1.1751,0.3422,5,
twiikuu_soldier,-1.1751,0.3422,5,
tob_demo,-1.1751,0.3422,5,
cabbage_medic,-1.1751,0.3422,5,
math_soldier,-1.1897,0,2,
loafe_soldier,-1.1914,2.0026,20,NA
nyxia_scout,-1.1934,0,1,
baconblitz_soldier,-1.1934,0,1,
mariomanz_soldier,-1.1934,0,1,
therealweiner_demo,-1.1934,0,1,
beelthazus_medic,-1.1934,0,1,
adam_scout,-1.1946,0,1,
tg_scout,-1.1946,0,1,
a team of ants in their prime_soldier,-1.1946,0,1,
dragonfru_soldier,-1.1946,0,1,
voltage_medic,-1.1946,0,1,
vivi_scout,-1.2016,0,1,AU/NZ
tohka_scout,-1.2016,0,1,AU/NZ
yeah?_soldier,-1.2016,0,1,AU/NZ
sorrow_soldier,-1.2016,0,1,AU/NZ
trev_demo,-1.2016,0,1,AU/NZ
max_medic,-1.2016,0,1,AU/NZ
kosuke_scout,-1.2115,0,2,
zherii_scout,-1.2115,0,2,
shadyr_soldier,-1.2115,0,2,
arunir_soldier,-1.2115,0,2,
kraken_demo,-1.2115,0,2,
gen_medic,-1.2115,0,2,
denka_scout,-1.2185,0,1,
realm_scout,-1.2185,0,1,
j_peg_soldier,-1.2185,0,1,
pyrrhus_soldier,-1.2185,0,1,
teli_demo,-1.2185,0,1,
exile_medic,-1.2185,0,1,
haza_soldier,-1.225,0,1,EU
cegr_scout,-1.2294,0,2,
krokit_soldier,-1.2294,0,2,
jackwalms_soldier,-1.2294,0,2,
thompson_demo,-1.2294,0,2,
awj_medic,-1.2294,0,2,
hubertthefish_medic,-1.2393,0,1,NA
fenrir_medic,-1.2488,1.9682,7,
siberia_demo,-1.2515,0,2,AU/NZ
ninjax_scout,-1.2542,0.7903,16,NA
danny_soldier,-1.2574,1.2189,13,EU
wackey_soldier,-1.2579,0.3319,8,EU
jackylegs_soldier,-1.2579,0.3319,8,EU
zangetsu_medic,-1.2579,0.3319,8,EU
benk_scout,-1.2762,0.2147,16,NA
peyote_medic,-1.2762,0.2147,16,NA
pablo_scout,-1.2851,0,16,NA
muerte_soldier,-1.2851,0,2,
setsul_soldier,-1.2851,0,2,
verse_demo,-1.2851,0,2,
makkabeus_demo,-1.2856,1.4404,16,NA
olbap_medic,-1.2856,1.4404,16,NA
jane doe_demo,-1.3073,0,8,
zefrosty_soldier,-1.3317,0,2,
lux_medic,-1.3317,0,2,
whaz_soldier,-1.3355,2.9389,32,NA
mig-21bis_demo,-1.3447,0.4181,10,NA
kawa_soldier,-1.3509,10.3153,79,NA
kindered_scout,-1.3525,0,2,
tekszi_scout,-1.3525,0,2,
storm_soldier,-1.3525,0,2,
agen_medic,-1.3532,0,2,
opti_scout,-1.3591,0.4712,16,EU
basti_soldier,-1.3595,0,5,
farnsworth_soldier,-1.364,1.6589,32,NA
kig_medic,-1.364,1.6589,32,NA
rising_scout,-1.3686,0,7,AU/NZ
pudding_scout,-1.3686,0,7,AU/NZ
twig_soldier,-1.3686,0,7,AU/NZ
psyco_soldier,-1.3686,0,7,AU/NZ
lau_demo,-1.3686,0,7,AU/NZ
remmorse_medic,-1.3686,0,7,AU/NZ
duckie_scout,-1.3742,0,2,
r4ndom_scout,-1.3742,0,2,
jpeezy_soldier,-1.3742,0,2,
samski_demo,-1.3742,0,2,
asadawarf_medic,-1.3742,0,2,
frogglestew_soldier,-1.3817,0.9088,14,NA
ictus_medic,-1.3817,0.9088,14,NA
snailboat_medic,-1.3918,0,16,NA
ether_soldier,-1.3955,1.4211,61,NA
appe_scout,-1.404,1.496,7,
thefriendlycow_scout,-1.411,0,2,
scoffer_soldier,-1.411,0,2,
pipsqueak_scout,-1.4161,0.9581,7,EU
coolbeans_scout,-1.4161,0,2,
honey_soldier,-1.4161,0,2,
hobnobs_soldier,-1.4161,0,2,
jun0_demo,-1.4161,0,2,
theukn_scout,-1.4188,0.2322,7,AU/NZ
dvp_soldier,-1.4188,0.2322,7,AU/NZ
blank_soldier,-1.4188,0.2322,7,AU/NZ
drat_demo,-1.4188,0.2322,7,AU/NZ
munch_medic,-1.4188,0.2322,7,AU/NZ
abender777_scout,-1.4234,0,7,AU/NZ
campbell_soldier,-1.4234,0,7,AU/NZ
lambda_soldier,-1.4234,0,7,AU/NZ
smithsonian_demo,-1.4234,0,7,AU/NZ
james_scout,-1.4282,0,2,
proky_scout,-1.4282,0,2,
swanny_soldier,-1.4282,0,2,
austin_demo,-1.4282,0,2,
hannes_medic,-1.4282,0,2,
dylan_medic,-1.4287,0.0298,4,NA
der_milchmann_scout,-1.4298,0,2,
toast_soldier,-1.4298,0,2,
seanbud_scout,-1.4389,1.2037,67,NA
hubris_scout,-1.4409,0.9897,3,NA
scruff2_scout,-1.4409,0.9897,3,NA
blind_soldier,-1.4574,0.1626,16,NA
plastiq_soldier,-1.4574,0.1626,16,NA
fel_medic,-1.4574,0.1626,16,NA
alba_soldier,-1.4606,0,2,
gar_demo,-1.4606,0,2,
agens_medic,-1.4606,0,2,
milkyeu_demo,-1.4612,0,2,EU
domiq_scout,-1.4673,0,2,
phong__scout,-1.4673,0,2,
mike rotch_soldier,-1.4673,0,2,
elyassu_demo,-1.4673,0,2,
wylenn_medic,-1.4673,0,2,
segamw_scout,-1.4707,0,1,
mudkip_scout,-1.4707,0,1,
urmphitank_soldier,-1.4707,0,1,
ybg.tara_soldier,-1.4707,0,1,
sasukeuchiha_demo,-1.4707,0,1,
sigmasin_medic,-1.4751,1.8795,32,NA
bobby_medic,-1.4847,0,10,EU
tambo_soldier,-1.4993,2.0451,12,NA
draco_demo,-1.5029,0,4,NA
hannah_medic,-1.5075,0,9,NA
smilez_scout,-1.5085,0,2,NA
rio_soldier,-1.5085,0,2,NA
seymour_scout,-1.5224,5.4924,52,NA
john_soldier,-1.5309,0.9391,9,AU/NZ
ramown_scout,-1.5348,0,2,
twinqe_soldier,-1.5348,0,2,
omnibombulator_soldier,-1.5348,0,2,
gubbins_demo,-1.5348,0,2,
badmouse_scout,-1.5391,0,4,NA
cody_soldier,-1.5391,0,4,NA
crushing_medic,-1.5391,0,4,NA
spade_scout,-1.5429,0,30,AU/NZ
sean_scout,-1.543,0,7,AU/NZ
modus_soldier,-1.543,0,7,AU/NZ
xander_demo,-1.543,0,7,AU/NZ
dauq_medic,-1.543,0,7,AU/NZ
alov_scout,-1.5548,1.1863,16,EU
krul_soldier,-1.5548,1.1863,16,EU
rosstifer_scout,-1.5618,0,2,
sepu_soldier,-1.5618,0,2,
neoziumm_demo,-1.5618,0,2,
kronsi_medic,-1.5618,0,2,
ekkelund_scout,-1.588,0,2,
malarz_demo,-1.588,0,2,
lava_demo,-1.5928,0,2,
toemas_demo,-1.5984,1.1011,4,
ebsikl_scout,-1.6041,0.2288,16,NA
lights_soldier,-1.6041,0.2288,16,NA
ambroon_demo,-1.6041,0.2288,16,NA
happybob_medic,-1.6041,0.2288,16,NA
yimi_scout,-1.6101,2.6963,21,NA
thy_demo,-1.6172,1.4368,10,EU
admirable_medic,-1.6174,2.8694,10,EU
spaceman_demo,-1.6353,0,2,AU/NZ
boulder_soldier,-1.6483,0,16,NA
3tf2_demo,-1.6483,0,16,NA
relic_medic,-1.6483,0,16,NA
memories_scout,-1.6542,0,3,AU/NZ
jeff_soldier,-1.6568,1.4404,26,NA
rep_scout,-1.6586,0.3389,4,NA
boomeh_soldier,-1.6686,1.4318,10,EU
smauglet_scout,-1.6787,0,7,AU/NZ
aniph_demo,-1.6826,0,4,
slicerogue_medic,-1.6826,0,4,
emerude_soldier,-1.6877,0,2,AU/NZ
gir_demo,-1.6877,0,2,AU/NZ
oakley_medic,-1.6877,0,2,AU/NZ
hai_scout,-1.7062,0,7,EU
jel_medic,-1.7062,0,7,EU
alt_demo,-1.7101,1.0612,7,
noxious_scout,-1.7121,0,2,
cami_soldier,-1.7121,0,2,
che_soldier,-1.7121,0,2,
minimoose_demo,-1.7121,0,2,
needy_medic,-1.7121,0,2,
safrix_demo,-1.7131,1.9463,34,NA
henghast_scout,-1.7188,0,5,
spaceship_medic,-1.7229,0,2,AU/NZ
hiper_scout,-1.7264,0,2,
cuspide_soldier,-1.7264,0,2,
longas_demo,-1.7264,0,2,
condawg_medic,-1.7292,0,31,EU
sidestep_scout,-1.7304,0,2,
will_scout,-1.7304,0,2,
gladdy_demo,-1.7304,0,2,
reservoir dog_medic,-1.7304,0,2,
fenrir_scout,-1.7308,0,2,
hazo_scout,-1.7308,0,2,
mads_soldier,-1.7308,0,2,
xearo_demo,-1.7308,0,2,
dox5_medic,-1.7308,0,2,
ignis_soldier,-1.7311,0,13,EU
zinnsoldat_scout,-1.7455,0.0442,8,EU
scandal_scout,-1.7619,0.3969,7,AU/NZ
ram_scout,-1.7619,0.3969,7,AU/NZ
halion_soldier,-1.7619,0.3969,7,AU/NZ
vanquish_soldier,-1.7619,0.3969,7,AU/NZ
boen_demo,-1.7619,0.3969,7,AU/NZ
mu^_scout,-1.7747,0.2345,18,NA
ziaa_soldier,-1.7833,0,2,NA
degnan_medic,-1.7833,0,2,NA
shy_soldier,-1.7871,0,7,
sprite_scout,-1.7874,0,2,
sivik_soldier,-1.7874,0,2,
louis_demo,-1.7874,0,2,
sleepy_demo,-1.7928,0,34,NA
pablo_medic,-1.7928,0,34,NA
raven_scout,-1.7931,0.1822,4,
moebloke_soldier,-1.8095,0.1634,12,AU/NZ
forcestealer_scout,-1.8133,2.0524,16,NA
xsephy_soldier,-1.8133,2.0524,16,NA
freight_train_soldier,-1.8133,2.0524,16,NA
chaaz_demo,-1.8133,2.0524,16,NA
paavi_soldier,-1.8271,0,2,
tommi_demo,-1.8271,0,2,
rei_scout,-1.8423,0.8701,10,AU/NZ
hp_scout,-1.8518,0.9317,7,EU
jorge_medic,-1.853,0,18,EU
sideways_soldier,-1.8671,0,4,
max_demo,-1.8671,0,4,
brulee_medic,-1.8671,0,4,
fangles_soldier,-1.8702,1.7485,20,NA
maros_medic,-1.9051,0,2,
brownie_scout,-1.9067,0,3,AU/NZ
leojan_soldier,-1.9095,0,5,EU
antyy_medic,-1.9095,0,5,EU
peeb_soldier,-1.9155,2.3776,16,NA
kalkin_soldier,-1.9155,2.3776,16,NA
bombdigiti_demo,-1.9155,2.3776,16,NA
wzrd_scout,-1.9161,0,7,AU/NZ
mopat_medic,-1.9161,0,7,AU/NZ
sighguy_scout,-1.9168,0,13,NA
fancyson_soldier,-1.9175,0,3,
coinz_scout,-1.9196,0,2,EU
alexcouter_scout,-1.9315,0,2,
melheck_scout,-1.9315,0,2,
veloo_soldier,-1.9315,0,2,
zikto_demo,-1.9315,0,2,
wilescoyote_medic,-1.9315,0,2,
cooleverest_scout,-1.938,0,2,AU/NZ
haunter_soldier,-1.9476,0,2,EU
crazy_soldier,-1.9512,0,2,NA
mix_soldier,-1.9529,0,2,AU/NZ
zyehac_scout,-1.9675,0,2,
wils_scout,-1.9716,1.2638,13,AU/NZ
yewl_scout,-1.9762,0,1,AU/NZ
edk_soldier,-1.9878,0,7,EU
gragery_medic,-1.9878,0,7,EU
gus_soldier,-1.9885,0,3,AU/NZ
raina_medic,-1.9922,0,2,AU/NZ
hansa_scout,-2.0049,0,2,
hexen_scout,-2.0049,0,2,
origo_soldier,-2.0049,0,2,
sidney_soldier,-2.0049,0,2,
olliii_demo,-2.0049,0,2,
klevertommy_scout,-2.0049,0,2,
venom_scout,-2.0049,0,2,
phantom_soldier,-2.0049,0,2,
shadyjames_soldier,-2.0049,0,2,
sev_demo,-2.0049,0,2,
havocmd_medic,-2.0049,0,2,
woody_scout,-2.0074,0,2,
konr_scout,-2.0074,0,2,
jakescrzyy._soldier,-2.0074,0,2,
sonix_demo,-2.0074,0,2,
benscrzyy._medic,-2.0074,0,2,
furbo_scout,-2.0134,0,3,EU
zen1th_scout,-2.0136,0,2,
animeman_soldier,-2.0356,0,2,NA
glue_medic,-2.0356,0,2,NA
himari_scout,-2.0405,0.4359,7,AU/NZ
signedunknown_soldier,-2.0405,0.4359,7,AU/NZ
bird_demo,-2.0405,0.4359,7,AU/NZ
mio_medic,-2.0405,0.4359,7,AU/NZ
pr1med_scout,-2.0413,0,2,AU/NZ
starb_scout,-2.0414,0,7,AU/NZ
b25_scout,-2.0414,0,7,AU/NZ
quid_demo,-2.0414,0,7,AU/NZ
ory_medic,-2.0414,0,7,AU/NZ
nerax_scout,-2.0422,0,7,AU/NZ
redback_soldier,-2.0422,0,7,AU/NZ
mopat_demo,-2.0422,0,7,AU/NZ
sage_medic,-2.0422,0,7,AU/NZ
zesty_demo,-2.0437,0,5,
anakkk_scout,-2.0444,0,2,
captainhax_scout,-2.0444,0,2,
slutonfire_soldier,-2.0444,0,2,
tsu_soldier,-2.0444,0,2,
heliana_demo,-2.0444,0,2,
zppz_medic,-2.0444,0,2,
glxy_soldier,-2.0545,1.3511,9,AU/NZ
lukas_soldier,-2.0575,0.662,7,EU
kodeeey_scout,-2.0864,0,7,
liko_scout,-2.0864,0,7,
mop_demo,-2.0864,0,7,
via_medic,-2.0864,0,7,
phone_scout,-2.0931,1.4404,46,NA
dima_scout,-2.1009,0,7,EU
timus_soldier,-2.1009,0,7,EU
unlimited_soldier,-2.1009,0,7,EU
bape_scout,-2.1101,3.0413,46,NA
frtiz_scout,-2.1258,0,2,NA
darn_soldier,-2.131,0.136,7,EU
shifta_scout,-2.1396,0,14,AU/NZ
pauly_scout,-2.1429,0,44,NA
agron_medic,-2.1439,0,2,EU
chriz tah fah_demo,-2.1507,2.0249,16,NA
drogo_medic,-2.1507,2.0249,16,NA
ryfourn_soldier,-2.1631,0.1187,7,EU
nati noot_soldier,-2.1631,0.1187,7,EU
faust_medic,-2.1631,0.1187,7,EU
yight_soldier,-2.1778,5.0871,17,NA
broking_medic,-2.1778,5.0871,17,NA
stochast1c_scout,-2.1796,0,48,NA
june_soldier,-2.1796,0,48,NA
smitty_demo,-2.1796,0,48,NA
bldsre_scout,-2.1804,6.997,32,NA
stamjally_scout,-2.1804,6.997,32,NA
fastfire_soldier,-2.1804,6.997,32,NA
ducky_demo,-2.1804,6.997,32,NA
dorkan_scout,-2.1822,0.3353,5,
jan_soldier,-2.1822,0.3353,5,
lork_medic,-2.1822,0.3353,5,
thyme_soldier,-2.1884,0,9,AU/NZ
yllen_soldier,-2.192,0,35,EU
scvr_scout,-2.1959,0,7,AU/NZ
fortnite_soldier,-2.1959,0,7,AU/NZ
tanking_soldier,-2.1959,0,7,AU/NZ
tez_demo,-2.1959,0,7,AU/NZ
inc_medic,-2.1959,0,7,AU/NZ
bloodis_scout,-2.2039,0,12,EU
carbo_scout,-2.2203,0,7,EU
\xd0\x9f\xd0\xb0\xd1\x83\xd0\xbb\xd1\x8c_scout,-2.2203,0,7,EU
narkkari_soldier,-2.2203,0,7,EU
detoed_demo,-2.2203,0,7,EU
daringo_scout,-2.2303,0,16,NA
ctrlfmuffin_demo,-2.2303,0,16,NA
2ques_medic,-2.2303,0,16,NA
atten_scout,-2.2379,0.2322,8,AU/NZ
lange_scout,-2.2415,2.0524,48,NA
pheaa_soldier,-2.2423,0,4,
natural_soldier,-2.2454,0,8,EU
ryder_demo,-2.2454,0,7,EU
pheaa_demo,-2.2603,0.4927,18,EU
tristen_soldier,-2.2783,0,20,NA
golden_demo,-2.2783,0,20,NA
swi_scout,-2.282,1.0053,19,EU
sy_scout,-2.2823,0.8701,7,AU/NZ
dip_soldier,-2.2823,0.8701,7,AU/NZ
sao_demo,-2.2823,0.8701,7,AU/NZ
estanis_scout,-2.2829,0.3353,9,EU
vio_scout,-2.2853,0,6,NA
scream_soldier,-2.2995,0,14,NA
phrax_scout,-2.3071,0,14,AU/NZ
spary_demo,-2.3161,0.3319,8,EU
s0rex_scout,-2.3161,0.3319,7,EU
shulqiple_scout,-2.3161,0.3319,7,EU
der_milchmann_soldier,-2.3203,0,8,
dflame_scout,-2.332,0.5988,16,NA
shiki_soldier,-2.332,0.5988,16,NA
xattuu_medic,-2.332,0.5988,16,NA
brego_demo,-2.3399,1.8354,16,EU
seal_demo,-2.3437,0,8,
lexx_scout,-2.3465,0,7,AU/NZ
ortin_scout,-2.361,0,7,EU
wonder_scout,-2.361,0,7,EU
ryder_soldier,-2.361,0,7,EU
dejvi_demo,-2.3663,0,10,
apathy_soldier,-2.3676,0,36,NA
hoi_soldier,-2.3728,0,4,
mould_scout,-2.3813,1.3767,5,
skrimus_scout,-2.3864,0,8,EU
kidou_demo,-2.3864,0,8,EU
piquu_medic,-2.3864,0,8,EU
bonkers_soldier,-2.3988,0,13,EU
bl4nk_medic,-2.4112,2.5726,32,NA
digi_soldier,-2.4704,0,42,NA
precious_scout,-2.5417,0,7,AU/NZ
emgee_demo,-2.5417,0,7,AU/NZ
_gar_soldier,-2.5437,0,7,
satan_soldier,-2.5437,0,7,
hawku_scout,-2.56,0,10,
crouton_scout,-2.5626,0,8,EU
mike_medic,-2.5707,0.7792,8,
poo0p_scout,-2.5727,2.9062,16,NA
wicked_soldier,-2.5727,2.9062,16,NA
warpy_demo,-2.5727,2.9062,16,NA
superfly_medic,-2.5727,2.9062,16,NA
helberg_scout,-2.5786,0,14,EU
crizzl_soldier,-2.5786,0,14,EU
beater_medic,-2.5786,0,14,EU
streep36_soldier,-2.5878,0,10,
averted_demo,-2.5979,0.6505,40,NA
ilike2spin_medic,-2.6174,1.4083,6,EU
liam_scout,-2.6273,0,7,AU/NZ
kodyn_scout,-2.6273,0,7,AU/NZ
whats the frequency_soldier,-2.6273,0,7,AU/NZ
rei_demo,-2.6273,0,7,AU/NZ
michael_medic,-2.6273,0,7,AU/NZ
twisted_scout,-2.6424,0,5,
unu_soldier,-2.6424,0,5,
foppish_medic,-2.6424,0,5,
ceegee_medic,-2.6478,0,4,
aclaivi_scout,-2.6561,0,7,AU/NZ
caber_soldier,-2.6561,0,7,AU/NZ
dorky_demo,-2.6561,0,7,AU/NZ
newspeak_scout,-2.7222,0,16,NA
cole_medic,-2.7222,0,16,NA
bum_medic,-2.7278,0,14,
xrod_demo,-2.7402,0.9088,18,NA
relior_soldier,-2.7612,1.7732,9,EU
thun_medic,-2.7612,1.7732,9,EU
miju_soldier,-2.7621,0,4,
phromelo_soldier,-2.7943,0,6,EU
lanzer_scout,-2.8226,1.2815,15,EU
miwo_medic,-2.8523,1.9539,32,NA
gubbins_scout,-2.8529,0.4579,8,EU
earl_scout,-2.8597,0,7,EU
cobra_demo,-2.8761,0,4,AU/NZ
phantasm_demo,-2.8819,0,14,AU/NZ
alfredodan_demo,-2.9074,0,24,NA
sneaky_scout,-2.915,0,9,EU
crayon_scout,-2.9152,0,19,EU
zildjian_soldier,-2.9238,0,7,AU/NZ
sadgasm_soldier,-2.9238,0,7,AU/NZ
apody_medic,-2.9238,0,7,AU/NZ
kr4tos_scout,-2.9246,0,7,EU
dob_soldier,-2.9246,0,7,EU
blub_demo,-2.9246,0,7,EU
e-thug_scout,-2.9252,0.6293,13,
turris_scout,-2.9406,0,8,
thyme_demo,-2.9406,0,8,
flare_scout,-2.9645,0.8221,7,AU/NZ
t39o_soldier,-2.9645,0.8221,7,AU/NZ
jd_soldier,-2.9645,0.8221,7,AU/NZ
manceloot_medic,-2.9645,0.8221,7,AU/NZ
tomato tom_soldier,-2.9731,0.0845,20,NA
amik_scout,-2.9851,0,4,
thorn_scout,-3.0163,0,16,NA
tooth_soldier,-3.0163,0,16,NA
topshot_demo,-3.0163,0,16,NA
etney_soldier,-3.024,0,16,NA
kai_scout,-3.0477,0,8,AU/NZ
saelot_medic,-3.0556,3.4667,32,NA
pred_soldier,-3.0807,0.9581,21,EU
irppa_scout,-3.1127,0,4,
fugazi_soldier,-3.164,0,7,EU
smile_demo,-3.164,0,7,EU
greenrab_medic,-3.164,0,7,EU
medico_soldier,-3.1721,0.4712,6,EU
gigi_soldier,-3.1989,0,7,EU
chairuser_soldier,-3.2234,1.0143,16,NA
hexerii_scout,-3.2461,0.1187,14,EU
alder_scout,-3.2503,0.096,16,NA
maelstorm_soldier,-3.2503,0.096,16,NA
megawac_soldier,-3.2503,0.096,16,NA
emkay_medic,-3.2503,0.096,16,NA
domo_soldier,-3.2743,0,7,EU
deox_demo,-3.2743,0,7,EU
xqq_soldier,-3.2806,0,7,EU
sprite_demo,-3.2806,0,7,EU
skele_soldier,-3.3019,0.5066,20,NA
eldritch_demo,-3.3382,1.5431,16,NA
[[esea/season_12/invite/north_america/regular_season_medic,-3.3382,1.5431,16,NA
razor_scout,-3.3807,0,7,AU/NZ
mink_medic,-3.3807,0,7,AU/NZ
scumbag steve_soldier,-3.3857,0,3,NA
griff_scout,-3.3923,0,4,
slamborghini_scout,-3.3923,0,4,
rockster_soldier,-3.3923,0,4,
nootstook_soldier,-3.3923,0,4,
blindsfell_demo,-3.3923,0,4,
finman_medic,-3.3923,0,4,
icewind_scout,-3.4107,0,5,
racso_scout,-3.4107,0,5,
foz_demo,-3.4107,0,5,
enzo_medic,-3.4107,0,5,
marik_soldier,-3.4186,0,4,
quad_scout,-3.4255,0,7,EU
tayau_soldier,-3.433,0,7,AU/NZ
split_scout,-3.4346,0,32,NA
chaaz_scout,-3.4542,2.6146,32,NA
meyy_soldier,-3.4613,0.9753,16,NA
cinnamon_soldier,-3.4613,0.9753,16,NA
alv_scout,-3.4717,0,7,EU
alx-1_demo,-3.4717,0,7,EU
spamfest_scout,-3.4753,0,32,NA
split__medic,-3.4753,0,32,NA
yauch_soldier,-3.4808,0,14,AU/NZ
signs_scout,-3.4816,0,7,AU/NZ
s i c k o m o d e_scout,-3.4816,0,7,AU/NZ
the_agression_soldier,-3.4816,0,7,AU/NZ
sicko_bamba_soldier,-3.4816,0,7,AU/NZ
squonk_demo,-3.4816,0,7,AU/NZ
lepingu_medic,-3.4816,0,7,AU/NZ
dreadi_scout,-3.4957,0,4,
olgha_soldier,-3.5097,0,14,EU
raf_demo,-3.5097,0,14,EU
pandemic_scout,-3.5415,0,11,EU
concrete_soldier,-3.5505,0.6622,7,EU
yumppu_scout,-3.5583,0,7,EU
samski_scout,-3.587,0,12,EU
warped_scout,-3.6104,1.2126,23,EU
phife_scout,-3.6321,2.7896,32,NA
hibachi_scout,-3.6321,2.7896,32,NA
mile_soldier,-3.6321,2.7896,32,NA
dougyg_demo,-3.6321,2.7896,32,NA
charis_medic,-3.6847,1.0711,62,NA
villdjack_scout,-3.6937,0,10,
omni_demo,-3.7122,0,14,AU/NZ
rrlucky_soldier,-3.7212,0,7,
cobra_soldier,-3.7212,0,7,
pengstah_demo,-3.7212,0,7,
valen_medic,-3.7212,0,7,
sano_demo,-3.7477,0,9,EU
madmak_medic,-3.7477,0,9,EU
dqz_soldier,-3.7597,0,16,EU
steveyjj_soldier,-3.7626,0,7,
fsct_scout,-3.7683,0,16,NA
sash_medic,-3.7683,0,16,NA
guyehhh_demo,-3.7755,0,20,NA
permzilla_demo,-3.7835,0,12,
xzr_medic,-3.7872,0,4,
rick_soldier,-3.8182,1.0297,32,NA
grillz_scout,-3.823,0,16,NA
litany_scout,-3.823,0,16,NA
papasmurf_demo,-3.823,0,16,NA
basikmmtxc_medic,-3.823,0,16,NA
playgrey_demo,-3.832,0,15,EU
varnu_scout,-3.8446,0,14,EU
microlash_scout,-3.8509,0,5,AU/NZ
zoek_scout,-3.8509,0,5,AU/NZ
pingu_soldier,-3.8509,0,5,AU/NZ
marmaloo_demo,-3.8719,0,14,NA
deadlyseed_scout,-3.8792,0,21,NA
ghostac_scout,-3.887,0,71,NA
tob_scout,-3.8983,0,7,
eon_soldier,-3.8983,0,7,
narkkari_demo,-3.8983,0,7,
row_medic,-3.8983,0,7,
tatuwah_scout,-3.8999,0.7023,15,NA
fribs_scout,-3.9247,0,6,
ace_medic,-3.9513,0.6293,15,EU
apt_scout,-3.9971,0,16,NA
dagger_soldier,-4.0041,1.1535,32,NA
neo_scout,-4.0062,0.4712,15,EU
troy_soldier,-4.0382,0,8,EU
gwendolyn_scout,-4.0402,2.6206,34,NA
catfish_scout,-4.0568,0,7,AU/NZ
jen_soldier,-4.0568,0,7,AU/NZ
thewiggin_soldier,-4.0568,0,7,AU/NZ
whitemagic_demo,-4.0568,0,7,AU/NZ
disturbed_medic,-4.0568,0,7,AU/NZ
percy_soldier,-4.0591,0.3159,14,NA
daf_soldier,-4.0591,0.3159,14,NA
kaytee_soldier,-4.1492,1.2126,32,NA
vanquish_scout,-4.1558,0,14,AU/NZ
nation!_soldier,-4.1566,0,15,EU
decap_scout,-4.3472,0,7,AU/NZ
iven_soldier,-4.3472,0,7,AU/NZ
sage_soldier,-4.3472,0,7,AU/NZ
yop_demo,-4.3472,0,7,AU/NZ
greenish_medic,-4.3472,0,7,AU/NZ
benjay_demo,-4.4096,0,7,AU/NZ
trumpet_soldier,-4.4212,0,14,AU/NZ
magikarp_scout,-4.4351,0,7,
l\xc3\xb6wenzahn_soldier,-4.4351,0,7,
humancake_demo,-4.4351,0,7,
b_fisch_medic,-4.4351,0,7,
fragm3nt3d_medic,-4.467,0,14,EU
pom0_scout,-4.4968,0,9,EU
br0nze_scout,-4.537,3.6609,48,NA
catfish_soldier,-4.5442,0,22,AU/NZ
animus_scout,-4.6246,0.5066,18,NA
monsta_soldier,-4.6246,0.5066,18,NA
wonszu_soldier,-4.6346,0,21,EU
remram_soldier,-4.6621,0,32,NA
profix_scout,-4.6674,0,14,EU
graba_medic,-4.6912,0,21,EU
jaaay_soldier,-4.7468,0.7903,31,NA
5hush_scout,-4.7739,0,10,NA
milo_soldier,-4.805,2.0739,85,NA
kounaa_demo,-4.8848,0,14,EU
lucrative_medic,-4.9436,8.0607,94,NA
ex_scout,-5.0103,0,16,NA
quid_scout,-5.0842,0,34,AU/NZ
triple_scout,-5.0891,0,7,
mora_scout,-5.0891,0,7,
sake_soldier,-5.0891,0,7,
matek_soldier,-5.0891,0,7,
whip_demo,-5.0891,0,7,
ko_medic,-5.0891,0,7,
shaftmetwisted_scout,-5.1634,1.3988,16,NA
1ss__soldier,-5.1634,1.3988,16,NA
sham__medic,-5.1634,1.3988,16,NA
megawac_scout,-5.1639,0,16,NA
loronix_scout,-5.1639,0,16,NA
stratovarius_medic,-5.1639,0,16,NA
dancenumber_scout,-5.1817,0,16,NA
#NAME?,-5.1817,0,16,NA
rigel_soldier,-5.1817,0,16,NA
digyb_soldier,-5.1855,0,10,
mop_soldier,-5.2132,0,7,AU/NZ
athena_medic,-5.2132,0,7,AU/NZ
hyper_soldier,-5.2612,0,7,AU/NZ
dr. awesome_demo,-5.2612,0,7,AU/NZ
hannahburger_medic,-5.2988,0.2332,20,NA
berko_soldier,-5.3129,0,22,AU/NZ
bradley_scout,-5.3571,0,7,AU/NZ
air_scout,-5.3571,0,7,AU/NZ
yong_soldier,-5.3571,0,7,AU/NZ
encre_demo,-5.3571,0,7,AU/NZ
snazzy_medic,-5.3571,0,7,AU/NZ
thrill_scout,-5.4687,0,16,NA
xep_soldier,-5.4687,0,16,NA
decimate_demo,-5.4687,0,16,NA
ghos7ayama_medic,-5.4687,0,16,NA
hellbent_soldier,-5.4969,2.5256,42,NA
thewiggin_demo,-5.559,0,14,AU/NZ
dubious_scout,-5.5637,1.7212,34,AU/NZ
percy_scout,-5.5709,1.3165,16,NA
pelt_soldier,-5.5709,1.3165,16,NA
mc_demo,-5.5709,1.3165,16,NA
kos_soldier,-5.5716,0,17,EU
saam_medic,-5.5815,0.5369,16,NA
nomi_demo,-5.6002,0.5066,20,NA
coyo_soldier,-5.627,0,12,EU
kuestif_demo,-5.6601,0,26,NA
grillz_medic,-5.6956,0,37,NA
gooseman_soldier,-5.777,0,25,AU/NZ
acecle_scout,-5.9194,0,9,
phaser_scout,-5.9242,0,16,NA
millie_scout,-6.0403,0.0444,19,NA
saelot_scout,-6.1101,0,16,NA
mu^_soldier,-6.1101,0,16,NA
fabulous_medic,-6.1101,0,16,NA
zakirll_scout,-6.3711,0,16,NA
1ukm_scout,-6.3711,0,16,NA
blind_medic,-6.3711,0,16,NA
mopsy_scout,-6.3746,0.3159,16,NA
okas_scout,-6.376,0,16,NA
kwazi_scout,-6.376,0,16,NA
shota_soldier,-6.376,0,16,NA
zzephyr_soldier,-6.376,0,16,NA
sizzlingcalamari_demo,-6.376,0,16,NA
spiff_medic,-6.376,0,16,NA
link_scout,-6.6694,0,16,NA
fabulous_scout,-6.6694,0,16,NA
reflecto_soldier,-6.6694,0,16,NA
shylo_demo,-6.6694,0,16,NA
vari_medic,-6.6694,0,16,NA
silves_soldier,-6.6987,0,13,
d4rbs_medic,-6.7896,0,14,AU/NZ
doggles_scout,-6.8776,0,16,NA
topshot_scout,-6.8776,0,16,NA
thrill_soldier,-6.8776,0,16,NA
whiteknight_demo,-6.8776,0,16,NA
dirtybird_medic,-6.8776,0,16,NA
smazza_scout,-7.1112,0,14,AU/NZ
dingo_soldier,-7.1626,0.5369,53,NA
okiewaka_soldier,-7.3085,0.2147,50,NA
jaybenaduchi_soldier,-7.3087,0,16,NA
foster_medic,-7.3087,0,16,NA
makk_scout,-7.51,0,18,NA
reigh_medic,-7.51,0,18,NA
twisty_soldier,-7.5839,0,12,
torrit_medic,-7.7097,0.9753,29,EU
sal_scout,-7.7156,0.5369,32,NA
bird_medic,-7.7314,0,14,AU/NZ
breathe_scout,-7.9166,0,18,NA
blackgares_soldier,-7.9195,0,32,NA
blink_medic,-7.9423,0,16,NA
ktb_soldier,-8.6117,2.3561,74,NA
dlman_soldier,-8.6845,0,16,NA
cb-_medic,-8.6845,0,16,NA
unf_demo,-8.708,0,32,NA
sureshot_soldier,-8.9138,0,66,NA
lupus_scout,-9.733,0,21,EU
midas_scout,-10.208,2.0817,64,NA
magma_scout,-10.3087,0,36,NA
mausy_demo,-10.7746,0,42,NA
faust_soldier,-10.9188,0,33,EU
puff_soldier,-11.7129,0,32,NA
mopsy_soldier,-12.7153,0,36,NA
