Tournament_Team_ID,Total_Ordinal_Skill
esl_major_2_the last resort,-6.036021245974581
esl_major_2_team pandemic,11.703107109202307
esl_major_2_4kings,29.721929835716338
esl_major_2_clan united,-3.334091555740933
esl_major_2_team empire,4.29609273776035
esl_major_2_fracture,-6.914320051556125
esl_major_2_excello,-1.789664370371753
esl_major_3_crack clan,15.418477867490612
esl_major_3_redline,-12.266624058869567
esl_major_3_team druidz,1.864686913694925
esl_major_3_clan00.de,-3.95627278992675
esl_major_3_complexity gaming,-6.036021245974581
esl_major_3_?bersexuals,9.97493186387048
esl_major_3_team dignitas,19.47662427779715
esl_major_3_team coolermaster,-6.036021245974581
esea_s3_20id,24.905213048541185
esea_s3_evil geniuses,5.427965653286158
esea_s3_complexity gaming,1.9792637288911088
esea_s3_loaded,-12.21333643383511
esea_s4_loaded,18.912242748247436
esea_s4_20id,3.1064942348498477
esea_s4_evil geniuses,13.927610097266008
esea_s4_mob-gaming,-12.754683645666887
esl_major_5_power gaming,-4.631412240522572
esl_major_5_i don't know?,-6.17209736565075
esl_major_5_team fruit,-6.914320051556125
esl_major_5_illegal,16.34414836223098
esea_s5_complexity,60.62627349789528
esea_s5_blight,14.149192577048417
esl_major_5_tcm-gaming,24.95942799317512
esea_s5_muscle milk &amp; moolians,31.243652753588286
esea_s5_dynamic,6.994746984805531
esea_s5_mob,-38.07882204682461
esea_s5_evil geniuses,35.86537146476682
esea_s5_pandemic,25.14425235545864
esea_s5_loaded,-15.436394485297718
esl_major_5_blighteu,-2.5265387069272123
esea_s6_blight/fanom,60.13229413991286
esea_s6_evil geniuses,38.556496425694675
esea_s6_nexus,40.65646324304345
esea_s6_emazing,21.165296926861615
esea_s6_area51,-26.090557704107475
esea_s6_blight/own,57.736536136240645
esea_s6_apocalypse gaming,1.4903757340379187
esea_s6_complexity,37.62964234091517
esl_major_6_tcm-gaming,45.754595649620626
esl_major_6_special attack,-10.272416948740577
esl_major_6_team dignitas,20.472785593526694
esl_major_6_broder,-3.1077166489027306
esl_major_6_power gaming,10.202404853537104
esl_major_6_i don't know pink,-12.029396404344617
esl_major_6_i don't know,6.35118191414859
esl_major_6_mister,-3.1111715593610825
esea_s7_area51,17.282166579030694
esea_s7_the spacebots,-38.25606098335167
esea_s7_apoplexy industries,-4.569907324913814
esea_s7_apocalypse gaming,-10.541807162860614
esea_s7_complexity,56.956146341594774
esea_s7_emazing,73.76610991818573
esea_s7_blight,71.32007930890252
esea_s7_evil geniuses,37.53377675190223
esl_major_7_dignitas,9.215776350425472
esl_major_7_epsilon,37.13579647953522
esl_major_7_mister,-11.269985978109275
esl_major_7_power gaming,13.180074747333435
esl_major_7_uv,-3.308679597793244
esl_major_7_refuse,-4.369066877140874
esl_major_7_tcm,22.072872827576347
esl_major_7_blight eu,23.98182688089488
etf2l_s8_epsilon esports,20.751573018386647
etf2l_s8_team dignitas,9.122670536800246
etf2l_s8_blighteu,8.828197492106657
etf2l_s8_power gaming,2.1031140840702065
esea_s8_flame idiot,10.607782123371692
esea_s8_emazing,66.2117091086953
esea_s8_team dynamic,34.42026222947443
esea_s8_apocalypse gaming,13.816981850280229
esea_s8_complexity,65.45348240327168
esea_s8_apoplexy industries,-20.44621187067851
esea_s8_checksix,89.77151718738
esea_s8_blight,50.39593881880542
esea_s9_area51,37.50620814489071
esea_s9_makes sense,-8.744119713671921
esea_s9_checksix,2.2636477001320117
esea_s9_six guys off,-41.26572834568124
esea_s9_emazing,104.54432175884662
esea_s9_the experiment,84.46953404005654
esea_s9_spacewhales,7.515275932181503
esea_s9_classic mixup,69.83350358548887
etf2l_s9_tcm-gaming,-7.539394665070269
etf2l_s9_team thermaltake,7.625418623582149
esea_s10_classic mixup,102.18078944312978
esea_s10_snooplicity,10.181432177021001
esea_s10_spacewhales,-38.82752836393901
esea_s10_the experiment,52.17836861832086
esea_s10_high rollers gaming,28.44893453333151
esea_s10_quantic,116.26344415274822
esea_s10_area51,21.257471878070348
esea_s10_mighty ducks,15.74506119017613
etf2l_s10_epsilon esports,26.145131205124024
etf2l_s10_relic,5.0304086765622955
etf2l_s10_crack clan,-4.416010137798551
etf2l_s10_team infused,-4.785657741473379
etf2l_s11_epsilon esports,29.58909281127407
etf2l_s11_tryharders,-8.940775816878912
etf2l_s11_team yoyotech,-4.146058391258027
etf2l_s11_exotic island,0.0
etf2l_s11_crack clan,25.772229427552183
etf2l_s11_karnage esports,-11.103637000435953
etf2l_s11_team infused,30.64095084596907
etf2l_s11_broder,0.16800990466594357
esea_s11_high rollers gaming,3.9422302812162613
esea_s11_leviathan,4.476482255743843
esea_s11_quantic,97.20556431639139
esea_s11_mihalys flow,66.25278472656221
esea_s11_mighty ducks,7.158156015645062
esea_s11_classic mixup,66.70081299479108
esea_s11_srsly br0,73.76980993617448
esea_s11_pinball wizards,-2.403075591838885
etf2l_s12_tcm-gaming,11.786705670414957
etf2l_s12_punchline,-6.916971031747714
etf2l_s12_team infused,22.769888408991054
etf2l_s12_epsilon esports,35.89689393862313
esea_s12_no need for names,28.130440806393004
esea_s12_chess club,33.03097749369259
esea_s12_spacewhales,81.71310412300751
esea_s12_goin heavy,8.572720623993941
esea_s12_leviathan,108.71613285411085
esea_s12_pinball wizards,-6.5915058427483935
esea_s12_classic mixup,132.01468074811325
esea_s12_mighty ducks,-39.056619507384745
i46_kaleidoscope,-3.4764144534774317
i46_decerto,-5.054290980955603
i46_team cnfs,-1.2227621545808347
i46_5 wannabes 1 superstar,-4.807950996753753
i46_pyrogen,-0.8994661083528541
i46_classic mix down,-5.838286850864144
i46_9men,-5.268787686902179
i46_elemental violence,-5.145081537533322
i49_koalapunch,-7.983917738987472
i49_lazy pandas,-5.066997629644504
i46_epsilon esports,49.34264695701765
i46_nitrose,6.185337313162961
i46_leviathan gaming,95.75391065510763
i46_tcm,28.71222097291176
i46_classic mixup,118.6175376078715
i46_quarantine,27.23508837430759
i46_team infused,17.199230931809357
i46_punchline,2.0016611845893024
alienware_arena_battlegrounds_2012_frenetic,2.011943362043091
alienware_arena_battlegrounds_2012_sequential gaming,2.113474591432727
alienware_arena_battlegrounds_2012_immunity,16.154814357820435
alienware_arena_battlegrounds_2012_team supremacy,-12.029396404344617
etf2l_s13_the last resort,0.010734380157231271
etf2l_s13_crack clan,14.357062576215597
etf2l_s13_bff,10.455827651263476
etf2l_s13_epsilon esports,37.67342900642128
ozfortress_s8_frenetic array,3.97599244726446
ozfortress_s8_sequential gaming,3.1173792242437415
esea_s13_apocalypse gaming,7.371638891107466
esea_s13_high rollers gaming,106.18974951370058
esea_s13_classic mixup,98.88164407711122
esea_s13_vector gaming,16.737371955222827
esea_s13_fully torqued,73.90612269263815
esea_s13_xensity,34.60764725078374
ozfortress_s8_team immunity,18.255543125589547
esea_s13_dont trip,26.12581828941593
esea_s13_chess club,23.229753694986048
ozfortress_s8_spicyboiz,-6.921084885451741
etf2l_s14_crack clan,2.1263973283805626
etf2l_s14_broder,17.45527375092796
etf2l_s15_revoluzion la metagame,-5.855377378472511
etf2l_s15_zaibatsu,3.0477260873657386
etf2l_s14_epsilon esports,36.398070475871464
esea_s14_classic mixup,91.07340094448276
esea_s14_mad men,19.15826047493825
esea_s14_solace,10.239773385345813
esea_s14_top guns,28.971772243012005
esea_s14_tri hards,67.79636731060009
esea_s14_root plus six,-29.637566090728512
esea_s14_vector gaming,-29.14571313566126
esea_s14_runaway 5,-2.6884706507041614
esea_s14_apocalypse gaming,38.203605427773695
esea_s14_high rollers gaming,119.48206460834322
etf2l_s15_broder,18.940428975780872
etf2l_s15_epsilon esports,51.78525934955526
i49_the enigma zone crew,4.356243485590127
i49_epsilon esports,71.90623991625117
i49_publiclir.se,6.101143719079673
i49_elemental violence,-0.2833388347108503
i49_twistedplay,-12.044480362772248
i49_team infused,20.514792540600766
i49_commanderx sex kittens,-2.9653618046936288
i49_tcm,51.61331769884251
i49_high rollers gaming,127.60488271041487
i49_frenchies,19.54960174274555
i49_d-d-did i stutter,5.226159441172271
i49_solar,-3.639871286861286
i49_team immunity,25.921058472375307
i49_team colonslash,-10.382627823872788
esea_s15_no exceptions,28.0178553428226
esea_s15_classic mixup,120.55833278249393
esea_s15_weloveanime,31.32638249308708
esea_s15_thrill six mafia,-6.226704861710395
esea_s15_where is sureshot,6.344172660317355
esea_s15_show me the monet,26.69538555695373
esea_s15_6cuties,15.21285842524869
esea_s15_it,85.16565238673944
esea_s15_lost in translation,58.29189517846329
etf2l_s16_tcm-gaming,6.172514327687761
etf2l_s16_the last resort,-6.442872008854842
ozfortress_s10_team immunity,31.76776444797079
ozfortress_s10_truck strat,4.937040350372335
etf2l_s16_willy wonkas chocolate factory,20.85165832665355
ozfortress_s10_supervillains,-7.516081412067301
ozfortress_s10_world underground,-6.141048130468903
etf2l_s16_epsilon esports,68.2425734000401
esea_s16_exertus,53.38434032571815
esea_s16_6cuties,0.711014951068023
esea_s16_street hoops,36.69802350542355
esea_s16_froyotech,119.23764585251268
esea_s16_the hurricane,-21.09361426321658
esea_s16_classic mixup,80.1683336180576
esea_s16_woodpig,-5.364031561206993
esea_s16_rent-a-homies,24.05442036139167
esea_s16_weloveanime,-24.941337575422068
etf2l_s17_awsomniac,15.30045283974848
etf2l_s17_dotter,29.002092667134274
etf2l_s17_the last resort,16.554929688990182
etf2l_s17_made in germany,53.1445479417324
gamers _assembly_2014_awsomniac,32.945552155891015
gamers _assembly_2014_elysium gaming,-11.58906153924817
gamers _assembly_2014_viva la vida,-1.5628825921955212
gamers _assembly_2014_k-nrage esport,1.5945440366247183
esea_s17_woodpig,-9.681957423996968
esea_s17_street hoops,77.94714819789897
esea_s17_froyotech,148.1798157684938
esea_s17_elevate,92.21222431186236
esea_s17_6cuties,20.172075250820132
esea_s17_mad men,29.173518250140322
esea_s17_classic mixup,110.44779959626084
esea_s17_the hurricane,17.54809668695438
esea_s17_ding dong daddy,-3.2121604373280555
i52_froyotech,130.25075282085038
i52_publiclir,6.347073193324924
i52_epsilon,94.63690357087678
i52_classic mixup,110.18627720743658
i52_immunity,67.83615899963776
i52_reason,28.872919369691772
i52_awsomniac,47.32465952057932
i52_ayogurl,-16.491876800268525
i52_gtd,-12.072778886391315
i52_colonslash,7.4512673115926304
i52_redmond.tf,0.09641554800832353
i52_fg,-9.208732876850874
i52_fat doobie,-7.710453027927024
i52_danger dogs,-1.0320490340408313
i52_lads on tour,-4.541824869091464
i52_windtunnel tactics,-8.466042168352807
etf2l_s19_ze knutsson rollerbladers,24.5673488555236
etf2l_s19_lbc,30.405369572782185
etf2l_s19_coolclan,-3.7932278820480185
etf2l_s19_ubersexuals,66.59946562677641
etf2l_s19_furbo pandas,-10.208273949646141
etf2l_s19_planet express,16.076297071637192
etf2l_s19_4-25,-3.2333124883212534
cevo_s5_froyotech,140.37620517457606
cevo_s5_classic mixup,119.1871771054929
cevo_s5_elevate,103.36113070267913
cevo_s5_street hoops,81.74715230096497
etf2l_s19_e shock,14.030530614919478
ozfortress_s12_10-4 rubber ducky,13.523264341177185
ozfortress_s12_tea time,-6.0383744957746615
ozfortress_s12_loitersquad,-6.780318452237637
ozfortress_s12_jasmine tea,16.956384812392717
etf2l_s20_lego,-18.81574037854476
etf2l_s20_ze knutsson rollerbladers,45.78018129174546
etf2l_s20_awsomniac,50.44987565084094
etf2l_s20_lethal weapon,7.707764434243444
etf2l_s20_e shock,11.037302624741812
etf2l_s20_reason,27.49567100160633
etf2l_s20_cplay,-11.728116723396411
etf2l_s20_suave,96.10273268144529
esea_s18_froyotech,152.527410662771
esea_s18_elevate,92.92823079709994
esea_s18_mad men,51.405513762043604
esea_s18_street hoops,46.339949701309905
esea_s19_attack of the yomies,22.008955344472675
esea_s19_froyotech,132.9729022698144
esea_s19_the five dollar club,44.783199761287705
esea_s19_cafe monster,26.904930591654775
esea_s19_ascent,123.15024441471246
esea_s19_the grime,2.31328394375376
esea_s19_champagne and cocaine,-24.54990586060094
esea_s19_street hoops,39.16101439115516
esea_s19_hawaii beach vacation,1.1518196127939113
etf2l_s21_lego,-15.471558898414322
etf2l_s21_nerdrage,56.906487407531294
etf2l_s21_4-25,7.0154342591939525
etf2l_s21_wonderland,-24.36603576671262
etf2l_s21_fenneks esports,-2.0421611801720942
etf2l_s21_reason gaming,85.89933970660212
etf2l_s21_danger dogs,20.825098445946825
etf2l_s21_the last resort,53.81072495181854
ozfortress_s14_die,1.0909907958853466
ozfortress_s14_andy c,-6.036021245974581
i55_froyotech,96.20039100717953
i55_reason,77.88337976157732
i55_nerdrage,82.75624664767334
i55_ascent,99.50993915906587
i55_the last resort,58.18562672271631
i55_danger dogs,10.829896622140904
i55_mayhem,-7.741762421174965
i55_ownage squad,-4.174483972195489
i55_crack clan,11.514327559910377
i55_bantermory,4.844642164503348
i55_fm,-9.251308977532585
i55_finns+3,-6.677147622337117
i55_windtunnel tactics,-1.318410851435349
i55_tezc,-6.957560162898098
i55_saints,17.85830612489299
i55_turn^,-8.245480860916764
ozfortress_s14_pump n dump,9.019677904652081
ozfortress_s14_team impunity,19.452347952120515
esea_s20_meat market,24.168656980987762
esea_s20_mad luxurious,-14.600498006745322
esea_s20_getawhale fanclub,14.12312624160078
esea_s20_team solouber,105.67695522326659
esea_s20_kawaii five-0,-22.896953449444684
esea_s20_strawberry mangoes,51.16019836109932
esea_s20_ascent,104.02981595071978
esea_s20_woodpig,49.30572007616463
esea_s20_froyotech,80.61396313360441
etf2l_s22_full tilt,23.712250837098512
etf2l_s22_reason gaming,79.89277988606685
etf2l_s22_#tf2center,88.61012853125764
etf2l_s22_serpents,17.214840721143513
etf2l_s22_lego,-3.7010984692508195
etf2l_s22_danger dogs,2.8968509874930817
etf2l_s22_animate,-6.108668503281393
etf2l_s22_the last resort,32.35315374218479
ozfortress_s13_not bad,3.183410200787659
ozfortress_s13_masif saturdays,21.641313746860753
ozfortress_s13_cash money,31.052371500125226
ozfortress_s13_yewls spectre,-10.126180625083627
esea_s21_evl,46.98129387829792
esea_s21_running with scizors,14.506988347844572
etf2l_s23_dd + 5 abs,10.314122216592498
etf2l_s23_nerdrage,80.99800703621298
etf2l_s23_perilous gaming,40.092631474330425
etf2l_s23_planet express,14.721967514055407
esea_s21_froyotech,84.64824167438348
esea_s21_bird noises,34.530691479014415
esea_s21_the bugs,-11.57858842306068
etf2l_s23_foreskings,-13.896347756216969
etf2l_s23_publiclir,23.97311882716276
etf2l_s23_lego,7.108158082132952
etf2l_s23_team infused,1.4682821434189215
esea_s21_the grime,3.7162178947811455
esea_s21_ronin,119.97283018423812
esea_s21_street hoops,109.50173134216115
esea_s21_hands off,-16.86038546473896
ozfortress_s15_long live the meta,-9.53373158505386
ozfortress_s15_cooking with coolio,2.42308212006812
ozfortress_s15_fifo,-11.496513255538659
ozfortress_s15_ego,39.504167915195126
ozfortress_s15_11corners,-31.279339773668312
ozfortress_s15_jasmine tea,64.18157445126681
ozfortress_s15_cant stump the trump,16.306724709132364
ozfortress_s15_home alone,20.99608170386577
etf2l_s24_happy farmers,12.561790170210323
etf2l_s24_nameless,80.24993711442369
etf2l_s24_comfortably spanked,21.10334463059497
etf2l_s24_pc master race,-9.884011366686181
etf2l_s24_lego,48.08563323205942
etf2l_s24_crowns esports club,19.79725385057822
etf2l_s24_b@gser five,-12.605259899069566
etf2l_s24_full tilt,56.6391718407816
esea_s22_bird noises,49.98643991973569
esea_s22_froyotech,145.16473950820705
esea_s22_sinful,-4.241614106925539
esea_s22_evl,43.40381566078017
esea_s22_ronin,119.47490513450336
esea_s22_champgg/8k,35.480784908216364
esea_s22_sals canal,-26.431132607386033
esea_s22_aeonic,-30.612652317150697
esea_s22_froyo black,59.967809428317295
ozfortress_s16_cooking without coolio,12.97198597839633
ozfortress_s16_xenophobiaphobia,-14.481211894060646
ozfortress_s16_technical difficulties,-6.2348225935149415
ozfortress_s16_nature walk,10.765224863406072
ozfortress_s16_no safeword,46.904330446694914
ozfortress_s16_superhoe,-32.142832848654635
ozfortress_s16_jasmine tea,61.654856484764736
ozfortress_s16_team time,12.33280770803919
i58_froyotech,95.3690113333234
i58_full tilt,84.92898642010886
i58_crowns,110.72870657278088
i58_comfortably spanked,12.69365729454854
i58_jasmine tea,56.395178117127905
i58_xenex,41.72736284222714
i58_windtunnel tactics,-7.151059504331155
i58_3/6,-5.222272526249796
esea_s23_the bugs,-29.223230530752527
esea_s23_bird noises,41.13663957873023
esea_s23_evl,102.67440929715455
esea_s23_malicious activity,-15.25804729207382
esea_s23_strolling astronomers,-19.501668352561424
esea_s23_circa,31.73029192880514
esea_s23_froyotech,141.43886212658379
esea_s23_dead babies mad gunz,-6.60054063708839
etf2l_s25_crowns,98.8077799447216
etf2l_s25_top5rocket,-8.739631099697409
etf2l_s25_animate,-7.391591291479809
etf2l_s25_lego,58.13130928988328
etf2l_s25_3/6,-12.855356714144687
etf2l_s25_thanks nursey,45.992010573389834
etf2l_s25_champgg/k!,12.650233888224502
etf2l_s25_danger dogs,19.561954331845282
ozfortress_s17_xenophobiaphobia,3.118241513836935
ozfortress_s17_2-19 and the pencil jumpers,-10.085268357796586
ozfortress_s17_the hardies,71.79062143185291
"ozfortress_s17_damage, inc",-23.105401086238103
ozfortress_s17_intoxicated,3.4207439795212196
ozfortress_s17_elo assassins,32.58825707390678
ozfortress_s18_mad men au,34.09553111412575
ozfortress_s18_victory or riot,1.8958391159832928
rewind_2017_meat market,18.009717442606114
rewind_2017_jasmine tea,48.40669924965088
rewind_2017_street hoops,32.74046002925291
rewind_2017_evl,78.26656451094527
rewind_2017_se7en,109.67929920859069
rewind_2017_froyotech,111.53486840963964
etf2l_s26_lemmings,0.21513029769997516
etf2l_s26_nerdrage,32.42770864585857
etf2l_s26_arctic foxes,33.37857608237701
etf2l_s26_nunya,-21.34993761147468
etf2l_s26_champgg/k!,40.30485704105628
etf2l_s26_lowpander,0.38402329728290496
etf2l_s26_6/3,-21.514029473401852
etf2l_s26_se7en,89.87089274453595
esea_s24_jamalesports,66.63425468433695
esea_s24_froyotech,142.40917696991806
esea_s24_six apes,26.00886634678636
esea_s24_malicious activity,-15.61211533438456
esea_s24_mario party 4,26.609976531042626
esea_s24_fishy fishes,-27.150022288370206
esea_s24_team skull,-5.489980450431183
esea_s24_evl,92.09007507400668
ozfortress_s18_xenophobiaphobia,19.34207658213697
ozfortress_s18_worlds blankiest blank,-8.512596086826832
"ozfortress_s18_damage, inc",7.415207296470648
ozfortress_s18_nature walk,-4.421173491814599
ozfortress_s18_no safeword,67.8690411132684
ozfortress_s18_salt free gaming,-20.28407504016431
ozfortress_s19_jasmine tea,84.03636665942648
ozfortress_s19_dog the boys,-17.108603596414905
ozfortress_s19_xenophobiaphobia,-8.25117103435262
ozfortress_s19_right wing death squad,25.443165226649207
ozfortress_s19_damage inc,12.615797583559228
ozfortress_s19_nature walk,9.763342618268481
ozfortress_s19_no safeword,39.5330271333374
ozfortress_s19_jamane,-31.56713736897551
etf2l_s27_lego,31.64116569299663
etf2l_s27_nunya,-30.610144645573712
etf2l_s27_arctic foxes,60.58913466735464
etf2l_s27_se7en,126.78031841877961
etf2l_s27_lowpander,35.320692296418216
etf2l_s27_unexpected,11.441658376840742
etf2l_s27_top5rocket,10.29794455180317
etf2l_s27_antic,21.527402044973076
esea_s25_velocity,43.85956289452457
esea_s25_ascent,115.5680638744027
esea_s25_lunatik,-11.527060656134097
esea_s25_gnomercy,78.65357067211752
esea_s25_faint,22.022905848617096
esea_s25_hibbleton,-4.125161492916021
esea_s25_fable,-29.4868199930388
esea_s25_meat market,11.406424897063019
esea_s25_froyotech,171.8263117793605
ozfortress_s20_gar esports,4.074636868038052
ozfortress_s20_the sauce,48.81727769210901
ozfortress_s20_salt free gaming,2.451681712126277
ozfortress_s20_vicious delicious,31.036356306689676
ozfortress_s20_noesky,-26.083378922141534
ozfortress_s20_baguette on our level,5.546049402935452
ozfortress_s20_mad men au,41.73026224378659
ozfortress_s20_sadboys,-8.211353635304256
etf2l_s28_lowpander,54.17675725586585
etf2l_s28_nunya,-19.51453885305593
etf2l_s28_lego,64.08356467149807
etf2l_s28_ascent/eu,42.78790713600536
etf2l_s28_antic,63.423414483376476
etf2l_s28_weebtunnel tactics,-4.044996522136806
etf2l_s28_svift,80.04742252501246
esea_s26_svift/na,80.62829270060402
esea_s26_woodpig,74.59758367080654
esea_s26_froyotech,166.6163203509453
esea_s26_black swan,2.938736490414179
esea_s26_velocity,54.34868202257138
esea_s26_the sparkle gang,-18.14374362371929
esea_s26_myanimelist,10.931065894531041
esea_s26_ascent,87.43845932072372
etf2l_s28_da choke bustaz,4.140369062398499
esea_s26_cat noises,-14.37586495526499
esport_united_community_rumble_lowpander,56.02892587174459
esport_united_community_rumble_twistyjuice,-20.464238921161176
esport_united_community_rumble_banana esports,0.46727110714085995
esport_united_community_rumble_net niet nederlands,-7.050886472283317
esport_united_community_rumble_minions in pyjamas,7.16611931217183
esport_united_community_rumble_midnight 6\'s,14.73936726840953
esport_united_community_rumble_froyotech,98.42364319703404
esport_united_community_rumble_we love twisted,-15.854248521170362
esport_united_community_rumble_pizza polished,40.44923934139895
esport_united_community_rumble_hard bass,3.97381950093029
esea_s27_myanimelist,26.91485665610715
esea_s27_froyotech,176.71420343049675
esea_s27_black swan,-4.614075958268707
esea_s27_ascent,127.90842496551075
esea_s27_running with scizors,47.57137972885506
esea_s27_hooligans for hire,-40.01613574253935
esea_s27_velocity esports,69.84879229460287
esea_s27_tfcrew,-17.791494089383743
esea_s27_svift/na,74.85780805426842
ozfortress_s21_svift/au,35.00013614713983
ozfortress_s21_right wing death squad,20.778756835126664
ozfortress_s21_xeno,31.527478374836583
ozfortress_s21_daditude,-27.254100190961942
etf2l_s29_ascent/eu,65.79973985221665
etf2l_s29_the swamp,1.1247214259778104
ozfortress_s21_killa beez,47.58270493754046
ozfortress_s21_solitary confinement,-2.2836121528876596
ozfortress_s21_yugiboys,71.18622118120152
ozfortress_s21_salt free gaming,-18.310658769744506
etf2l_s29_omni5 esports eu,13.49240713061068
etf2l_s29_wer das liest ist doof,3.811929062846456
etf2l_s29_ora elektro,1.137046663955104
etf2l_s29_se7en,86.30414564930564
etf2l_s29_nunya,20.99108318699266
etf2l_s29_the bus crew,-8.634715332346989
rewind_2018_froyotech,169.64095887320187
rewind_2018_velocity,56.18043261325081
rewind_2018_svift/na,35.35426689522484
rewind_2018_kings crew gaming,-8.81320400014419
rewind_2018_se7en,80.29212427079277
rewind_2018_black swan,14.379939268411842
rewind_2018_ascent,94.2910742084936
rewind_2018_big chips,12.244074120812218
copenhagen_games_2018_ascenchiladas,92.0275729185665
copenhagen_games_2018_kazoo kids,-29.75935341809188
copenhagen_games_2018_the bus crew,29.731335864677792
copenhagen_games_2018_36+5,-12.518532821777775
copenhagen_games_2018_lego,59.9137895345131
copenhagen_games_2018_mayonnaise dealers,-1.867524985071725
copenhagen_games_2018_ringo,-5.191955632731322
copenhagen_games_2018_mours city gang,11.784048208744036
copenhagen_games_2018_lanimals,-6.697531891983086
copenhagen_games_2018_mge chad,70.21412152780202
copenhagen_games_2018_ora elektro,8.242685470751429
copenhagen_games_2018_rowbros,-6.595831252697078
esea_s28_ascent,103.4390503497993
esea_s28_mentality esports,28.799245925313393
esea_s28_froyotech,181.60490051684718
esea_s28_black swan,-25.689168788346343
ozfortress_s22_damage re-inc,8.23455298713888
ozfortress_s22_fortress too,-8.54060932307003
ozfortress_s22_xeno,48.59670012198194
ozfortress_s22_brain brigade,18.150837068450947
esea_s28_tfcrew,-8.257008922770286
esea_s28_new god flow,68.77067439794959
esea_s28_myanimelist,25.52191255527219
ozfortress_s22_rattlesnake,-3.8890576985756233
ozfortress_s22_pencil case,74.87585315782846
ozfortress_s22_debatable,-0.5232557221144276
ozfortress_s22_jasmine tea,46.63171490539544
esea_s28_velocity,49.13012265299069
esea_s28_omni5,-20.767831438715852
etf2l_s30_ascent.eu,10.721110372574863
etf2l_s30_the bus crew,42.04295345813925
etf2l_s30_se7en,111.28197736905878
etf2l_s30_the bin black,9.536845399905868
etf2l_s30_velocity esports eu,-0.5204632712528117
etf2l_s30_svift,70.17470801236234
etf2l_s30_ora elektro,1.0097602885944497
etf2l_s30_the bin,29.508083638791263
i63_froyotech,118.38628045470728
i63_svift,76.84410299541709
i63_se7en,108.95537778975151
i63_the bus crew,35.11732594206205
i63_faint gaming eu,60.506271274404995
i63_timed out,-2.1528973894174968
i63_ascent.eu,22.849904527691354
i63_ora elektro,35.32337757397586
i63_laah puuh,-6.575149075629689
i63_velocity esports eu,19.371842347009384
i63_weebtunnel tactics,19.54503263926475
i63_fg,-12.95924836915194
i63_d1cks out for lan,-7.2692357141916375
i63_quaint gaming,-3.0945537568545234
i63_row bros,-11.529580871484903
i63_bofa,-15.128572246392562
esea_s29_froyo black,140.9772836095117
esea_s29_king\'s crew gaming,13.040385854689507
esea_s29_faint gaming,8.594731841402002
esea_s29_svift na,-6.284497227516042
esea_s29_velocity esports,67.78878198566758
esea_s29_froyotech,192.9493483908522
esea_s29_omni5 esports,27.14313080366686
esea_s29_ascent,57.490840657796205
esea_s29_mentality esports,88.25015635729687
ozfortress_s23_nefarious,29.51036641213729
ozfortress_s23_roleplayers,-10.571628045249355
etf2l_s31_ascent.eu,89.86222085945097
etf2l_s31_svift,42.32991887355824
ozfortress_s23_trisomy 21,9.666208231218775
ozfortress_s23_astcwhcditcogcdoaatmjwfc,-2.2431121239884924
ozfortress_s23_jasmine tea,121.70318799574272
ozfortress_s23_salt free gaming,-31.853575953993484
ozfortress_s23_xeno,57.17409729251375
ozfortress_s23_cut for essence,10.650740818601783
etf2l_s31_the fellowship,18.124632954146026
etf2l_s31_se7en,98.38879168176871
etf2l_s31_faint gaming eu,62.230082703050755
etf2l_s31_ora elektro,38.653589759452956
etf2l_s31_nunya,13.418965323822704
etf2l_s31_wer das liest ist doof,39.82673725422262
ozfortress_s25_wheelchair gaming esports,-10.60460263085518
ozfortress_s25_just ( essence! ),-20.889586484115227
esea_s30_kings crew gaming,23.689666269502535
esea_s30_meat market,79.63080903028714
esea_s30_froyotech,181.4711100309908
esea_s30_chaos control,71.15136972629588
esea_s30_ascent,99.24841190398237
esea_s30_hells kitchen,33.08946946859051
esea_s30_velocity esports,8.521645764398546
esea_s30_bring back turbine dm,38.14574064801084
esea_s30_ayyyylmao terror squad,-9.62470408582373
etf2l_s32_faint gaming eu,34.68646252906055
etf2l_s32_svift,28.256771072684348
etf2l_s32_l\'en avant de guingamp,26.86386420393031
etf2l_s32_se7en,131.2891622027584
etf2l_s32_veu crever,-12.981813549165715
etf2l_s32_the theorists,-8.024020887273167
ozfortress_s24_big chungus,62.57919972471889
ozfortress_s24_intoxicated,-5.11469507156454
ozfortress_s24_unanimous confusion,20.304464276215427
ozfortress_s24_butterfly effect,-6.532964407242648
etf2l_s32_ascent.eu,103.52599988059362
etf2l_s32_torrit..sukintoes,-10.776024049439169
ozfortress_s24_coffee clock,63.72394420634356
ozfortress_s24_cringe,-18.53453946285217
ozfortress_s24_pineapple towers,28.74107024002121
ozfortress_s24_construction worker emoji,-6.973961814344094
rgl_s2_100 beasts,121.90639647921745
rgl_s2_rat jail,27.049076250781493
copenhagen_games_2019_se7en,133.00992582463408
copenhagen_games_2019_faint,37.13292808672351
copenhagen_games_2019_ascent.eu,90.12131492980647
copenhagen_games_2019_svift,60.100808402139506
copenhagen_games_2019_lego,25.12513249814013
copenhagen_games_2019_the bus crew,10.71085867537391
copenhagen_games_2019_the theorists,-2.297005755849728
copenhagen_games_2019_orachiladas,19.668477103982287
esea_s31_not interested,76.79269361182335
esea_s31_ford gaming,83.93476859285778
esea_s31_froyotech,184.98092825602194
esea_s31_excellent theory of dunk,-7.7133676781669465
esea_s31_ascent,121.56287693886615
esea_s31_kings crew gaming,-2.999677555585503
esea_s31_rebirth esports,67.82035610012665
esea_s31_space pirates,52.99280896598626
esea_s31_ed head,12.502157472510973
ozfortress_s25_coffee clock,80.70221194643463
ozfortress_s25_misha,4.629292893604045
ozfortress_s25_butterfly effect,30.112046763677316
etf2l_s33_generation karnax,-21.05821009921739
etf2l_s33_se7en,93.87918596878204
ozfortress_s25_barrel of apes,93.98038051099249
ozfortress_s25_servo mutts,47.53012720237099
etf2l_s33_faint,72.75403281222016
etf2l_s33_ora elektro,42.05888219437798
etf2l_s33_top5rocket,26.564337760495796
etf2l_s33_war & sons,24.963646453423806
ozfortress_s25_ad hominem attack,1.653264244563605
etf2l_s33_ascent.eu,93.95135511015656
etf2l_s33_goonsquad,-13.322094877554512
i65_ascent,123.81281067716033
i65_bigblokelan,29.369547872635458
i65_se7en,105.49610837589387
i65_corentin mas damage,-3.5791746564181146
i65_top5sons,57.765537369744976
i65_ora elektro,49.27197831509156
i65_faint gaming eu,96.4831705583578
i65_ascent/eu,95.87911141533257
i65_the ocean,-8.569042604736865
i65_the bus crew,10.157801032235731
i65_geoff,-1.8104226079749992
i65_famine esports,-12.285286639275618
i65_not red doggo,-4.270449898713284
i65_xypher,-13.380081085679528
i65_sora elantro,-4.72113802630734
i65_the jens weber society,-3.21461246403706
rgl_s1_smiley,93.85724591696157
rgl_s1_meat market,61.387688140691864
rgl_s1_froyotech,186.44531089475453
rgl_s1_dunk masters,-4.761927546542353
rgl_s1_glove world,12.720815820272811
rgl_s1_kings crew gaming,-16.41214559102604
etf2l_s34_nerdrage,37.77708624246384
etf2l_s34_top5rocket,42.09669245886332
ozfortress_s26_rat men,41.852823216231116
ozfortress_s26_the older gamers,93.82432557610389
ozfortress_s26_coffee clock,74.85560665375642
ozfortress_s26_mmgp,43.32421778981025
etf2l_s34_ora elektro,23.646321677931144
etf2l_s34_ascent.eu,97.78121944769879
rgl_s2_ford gaming,108.17018001300947
rgl_s2_highfive demoman,56.263214045070725
rgl_s2_froyotech,128.3962923527852
rgl_s2_dunk masters,7.717556835976676
rgl_s2_strolling astronomers,-7.781453894625848
rgl_s2_mad luxurious,-17.763632250841418
ozfortress_s27_no older gamers,53.496834530435066
ozfortress_s27_refrigerator zeej pty ltd,-1.855716280537795
ozfortress_s27_happy feet,75.3281883418792
ozfortress_s27_mge zombies,-1.618215357204381
ozfortress_s27_butterfly effect,59.24158391943514
ozfortress_s27_greaterlessgreater,-17.82363210479993
ozfortress_s27_thunderbirds,45.23034177648066
ozfortress_s27_the older gamers,45.00090302588735
etf2l_s35_leggo,43.08226397493932
etf2l_s35_da wizzerdz guild,4.974164713571874
etf2l_s35_ascent.eu,56.67385007825713
etf2l_s35_6ix,7.877277659501246
ozfortress_s28_head cavers,61.73261923344003
ozfortress_s28_negative gearing,-19.2464531933399
rgl_s3_froyotech,180.13706476410078
rgl_s3_ascent,102.11427483431746
rgl_s3_the microwave,22.629404049564414
rgl_s3_dexter\'s lab,-14.207011676708113
ozfortress_s28_happy feet,83.71199957678367
ozfortress_s28_dragon link,-13.175275053936595
rgl_s3_myanimelist,93.59895850271427
rgl_s3_ah shie,-4.1861446164700045
rgl_s3_dorsia,65.66573443946564
ozfortress_s28_jasmine beef,51.7448965677623
ozfortress_s28_ad hominem attack,6.1387068088984655
ozfortress_s28_butterfly defect,39.906985578092375
ozfortress_s28_coom club,-3.304744876583726
etf2l_s36_the gay jail,-28.576156331182865
etf2l_s36_virtus.bro,2.5880261573334593
etf2l_s36_ascent/eu,18.696601605856355
etf2l_s36_svift,59.760761275298094
etf2l_s36_ora elektro,56.68218942663346
etf2l_s36_nerdrage,65.71425483481853
etf2l_s36_faint eu,10.435212043019348
etf2l_s36_les darons de l\'edition,25.70444584650564
ozfortress_s29_happy feet,81.69571425471815
ozfortress_s29_airpods,-6.161123875346657
ozfortress_s29_soir‚e,112.62529730502258
ozfortress_s29_project s,-8.464350758047704
ozfortress_s29_taylor swift fan club,46.28482193968003
ozfortress_s29_i may be stupid,-21.377460818607926
ozfortress_s29_mge zombies,17.38732106108684
ozfortress_s29_c\'est la vie,15.640877806432933
etf2l_s37_ascent.eu,89.39099016832851
etf2l_s37_new team,-3.697679930754134
etf2l_s37_faint gaming,30.80836990916537
etf2l_s37_kritzberg for defence,-5.083615336480026
etf2l_s37_alvin and the britmunks,-22.99773661804879
etf2l_s37_svift,76.4012551760118
etf2l_s37_global clan.eu,-7.4590169167559495
etf2l_s37_the bus crew,23.627948406892468
rgl_s4_froyotech,152.8464903569635
rgl_s4_witness gaming,30.20424104108878
rgl_s4_corsia,48.49468004066833
rgl_s4_morning light,43.59017735649708
ozfortress_s30_soir\xc3\xa9e,111.45196743426817
ozfortress_s30_alt pugs,15.646387089872984
ozfortress_s30_mge zombies,18.72419262322426
ozfortress_s30_ascension,-9.760084744786077
rgl_s5_froyotech,163.0176490749079
rgl_s5_myanimelist after dark,66.7290120972381
rgl_s5_globalclan ice,76.61861755513748
rgl_s5_rebirth esports,59.23312125203215
dreamhack_community_clash_2020_na_anglerfish holdings llc,7.898793681628362
dreamhack_community_clash_2020_na_watch this,-6.036021245974581
dreamhack_community_clash_2020_na_global clan.eu,-2.69036196699534
dreamhack_community_clash_2020_na_chicago kids,-8.781908020300676
dreamhack_community_clash_2020_na_platypugesports,13.30781752544079
dreamhack_community_clash_2020_na_obese whales,-6.195285885848726
dreamhack_community_clash_2020_na_asdf,88.67764258448771
dreamhack_community_clash_2020_na_gorrilla warfare,-2.2182297026561315
dreamhack_community_clash_2020_na_terry davis schizo mode!,-6.822494908751381
dreamhack_community_clash_2020_na_clean buddies,4.892315834668235
dreamhack_community_clash_2020_na_nerdrage,48.65091180628234
dreamhack_community_clash_2020_na_(\xc2\xb0\xcd\x9c\xc2\xb0 ),-4.376213935416409
dreamhack_community_clash_2020_na_cat posse,2.824696606829743
dreamhack_community_clash_2020_na_nsync,-7.311012529963236
dreamhack_community_clash_2020_na_froyotech,156.07267179008457
etf2l_s38_top5rocket,22.42613445274388
etf2l_s38_global clan.eu,-7.323484547933271
etf2l_s38_nerdrage,58.28217935163246
etf2l_s38_faint,30.475047857874507
dreamhack_community_clash_2020_eu_4toast,78.56179244906654
dreamhack_community_clash_2020_eu_titanic black,-2.54679707512053
dreamhack_community_clash_2020_eu_nerdrage,87.79616182105526
dreamhack_community_clash_2020_eu_denying euros prize money,152.48067437252428
dreamhack_community_clash_2020_eu_gremlins,-11.655681356575407
dreamhack_community_clash_2020_eu_vibrams,3.3716986969242377
rgl_s6_froyotech,164.04615357417222
rgl_s6_globalclan ice,23.069980984527064
rgl_s6_witness gaming,112.3449286710318
rgl_s6_ford gaming,34.02643825228789
etf2l_s39_4toast,83.26778294302622
etf2l_s39_garda panteri,-12.134191928827576
etf2l_s39_\xe2\x98\x85\xe2\x98\x85\xe2\x98\x85\xc2\xbd,3.0344307114699376
etf2l_s39_ora elektro,43.480813280180705
ozfortress_s32_soir\xc3\xa9e,111.4241728411987
ozfortress_s32_xfiles,89.1407659034122
ozfortress_s32_xenophobia,28.176201309749768
ozfortress_s32_bad dentists,-7.879159119204743
rgl_s7_witness gaming,110.31166424229849
rgl_s7_myanimelist black,40.04327039536115
rgl_s7_froyotech,152.41034308207134
rgl_s7_like a g6,30.24662631050278
etf2l_s40_habibi la(rdon),12.0628058853001
etf2l_s40_the league of shadows,-6.685401098111512
etf2l_s40_ora elektro,12.217010154522828
etf2l_s40_witness gaming.eu,46.345648633999545
rgl_s8_kronge realm,-10.085572160435369
rgl_s8_the cozy brothers,36.630070401181634
rgl_s8_witness gaming,121.40678503859378
rgl_s8_1738,5.784598509079142
rgl_s8_froyotech,122.83619811330742
rgl_s8_the jug dealers,34.091017367884334
rgl_s8_like a g6,101.35203138858422
rgl_s8_invite hostages,-41.731557580711865
rgl_s8_penguins of madagascar,14.888329892147766
rgl_s8_myanimelist,41.20337720536956
localhost_fullerton_lan_2022_hnj,76.55555144952714
localhost_fullerton_lan_2022_poc and giblet,-7.468799983213316
localhost_fullerton_lan_2022_portland burnsiders,2.3908227860691653
localhost_fullerton_lan_2022_penguins in 3d,6.255679553471872
localhost_fullerton_lan_2022_fireup esports,-20.353711977738385
localhost_fullerton_lan_2022_ford gaming,57.15885522384799
localhost_fullerton_lan_2022_alan gaming,10.429504687105098
localhost_fullerton_lan_2022_lexus december,-1.6168328728551984
localhost_fullerton_lan_2022_froyotech,89.25007640576553
localhost_fullerton_lan_2022_witness gaming,89.07282529233547
localhost_fullerton_lan_2022_like a g6,77.21693968412293
etf2l_s41_foreskings,-0.2651953979244155
etf2l_s41_death and destruction,-5.321230191125167
ozfortress_s33_soir\xc3\xa9e,93.67611848241769
ozfortress_s33_freakshow,31.34974210481856
etf2l_s41_tf2easy,70.21779770826677
ozfortress_s33_pin pals,43.939750012444804
ozfortress_s33_alt pugs,86.27940010920364
etf2l_s41_witness gaming/eu,69.0752992372039
unity_cup_2022_tf2easy,96.37359115994613
unity_cup_2022_kouna loch and load,-1.7427488341527848
unity_cup_2022_hounds,8.473755899462866
unity_cup_2022_thedog\'sbollocks,-5.901315482505737
unity_cup_2022_witness gaming.eu,49.857950558492384
unity_cup_2022_duplo,5.369711589623513
unity_cup_2022_death and destruction,9.689030826860048
unity_cup_2022_free4ugames.org,-7.593565739783443
unity_cup_2022_ora elektro,39.42012789311366
unity_cup_2022_xypher,-10.000799398637717
unity_cup_2022_trust the process,10.438951099391563
unity_cup_2022_gremlins,-13.775267007262347
unity_cup_2022_north americans for unity,106.92807072423346
unity_cup_2022_the count,-0.25732227551531395
unity_cup_2022_noobpanzer,26.175205978750444
unity_cup_2022_huhuu,-10.296650653265498
dreamhack_community_clash_spring_2022_na_thrembology,7.226277036473199
dreamhack_community_clash_spring_2022_na_pickle gaming,-6.180171432333893
dreamhack_community_clash_spring_2022_na_if you see me it\'s too late,-5.115621224706722
dreamhack_community_clash_spring_2022_na_slopy jalopies,12.628734197090857
dreamhack_community_clash_spring_2022_na_the goblin zone,20.444478784623662
dreamhack_community_clash_spring_2022_na_phase ii,8.453594145205972
dreamhack_community_clash_spring_2022_na_shytown,23.107531810259946
dreamhack_community_clash_spring_2022_na_dynasty,-6.2206313022969795
dreamhack_community_clash_spring_2022_na_i can haz big chongoose?,-10.786788083078452
dreamhack_community_clash_spring_2022_na_ayaapaaap na,8.106849749802763
dreamhack_community_clash_spring_2022_na_el paso rhinos,-6.036021245974581
dreamhack_community_clash_spring_2022_na_like a g6,73.73974106495146
dreamhack_community_clash_spring_2022_na_perutech,-2.1654041387497642
dreamhack_community_clash_spring_2022_na_froyotech,103.51001520272668
localhost_the_block_lan_2022_froyotech,109.44624489403321
localhost_the_block_lan_2022_velociraptor gang,18.308409794793693
localhost_the_block_lan_2022_hnj,93.04373213814156
localhost_the_block_lan_2022_the gators,80.60492875892643
localhost_the_block_lan_2022_like a g6,90.3731233190264
localhost_the_block_lan_2022_slopy jalopies,12.496809683425134
localhost_the_block_lan_2022_witness gaming,121.42543445347249
localhost_the_block_lan_2022_cat posse,-6.10544086701988
ozfortress_s34_witness gaming/oz,54.26943804214386
ozfortress_s34_no badges?,19.711802763022593
ozfortress_s34_pin pals,49.60178200528283
ozfortress_s34_mwertsfn,70.65338434887651
etf2l_s42_the league of shadows,4.28874406924929
etf2l_s42_noobpanzer,5.685610980985761
etf2l_s42_tf2easy,91.58519693806358
etf2l_s42_witness gaming/eu,93.35175149884836
i69_froyotech,138.33503280764427
i69_samir in the big house,-7.376676821287951
i69_witness gaming/eu,87.30802536304357
i69_paco roblan powered by dhn,-10.53338051773689
i69_boomers,3.0504086401186896
i69_xypher,-4.986488776662515
i69_svift,31.256405109128075
i69_tf2easy,78.48709506715493
rgl_s10_catgirl cafe,-17.586377438785103
rgl_s10_20zc,104.75971798468841
rgl_s10_dynasty,5.458304668751932
rgl_s10_like a g6,122.99284420443064
rgl_s10_insect gang,48.05209811336822
rgl_s10_myanimelist,87.06095280728667
rgl_s10_estrogen took my homie,4.390550550187051
rgl_s10_froyotech,24.628005639853438
dreamhack_community_clash_fall_2022_na_froyotech,23.273573233103285
dreamhack_community_clash_fall_2022_na_the monstars,-9.181062426816816
dreamhack_community_clash_fall_2022_na_20zc,96.72160930382074
dreamhack_community_clash_fall_2022_na_rome,-6.9989232499745455
dreamhack_community_clash_fall_2022_na_large #9,13.448887849785358
dreamhack_community_clash_fall_2022_na_mickey mouse clubhouse,-3.357965056159202
dreamhack_community_clash_fall_2022_na_la santa fe laundromat,8.043115669465593
dreamhack_community_clash_fall_2022_na_cool and good vibes,-11.001278544168358
dreamhack_atlanta_2022_like a g6,89.24819123681323
dreamhack_atlanta_2022_the kyle flett experience: live,-2.376608830608834
dreamhack_atlanta_2022_zone 6,2.646310192623048
dreamhack_atlanta_2022_cat noises black,-6.118977591210729
dreamhack_atlanta_2022_portland burnsiders,-7.1601037541680626
rcadia_fortress_lan_2022_witness gaming/eu,96.35275831284645
rcadia_fortress_lan_2022_poundland,-6.188556589876345
rcadia_fortress_lan_2022_bigblokelan,33.57376605119267
rcadia_fortress_lan_2022_czuraci,41.04528723891756
rcadia_fortress_lan_2022_tf2easy,62.03977999264587
rcadia_fortress_lan_2022_duplo,-10.406398355668394
rcadia_fortress_lan_2022_the league of shadows,11.689877608674813
rcadia_fortress_lan_2022_wer das liest ist doof,23.27755777292425
ozfortress_s35_witness gaming/oz,108.01803877828681
ozfortress_s35_sneaky snakes,104.09630326992581
ozfortress_s35_bingo boys,-5.371929937009984
ozfortress_s35_people\'s liberation army sixes,41.23052457479281
etf2l_s43_witness gaming/eu,97.45614909148864
etf2l_s43_tf2easy,59.95893005499748
etf2l_s43_the league of shadows,20.294702418149743
etf2l_s43_cuban study group,-7.893562294718738
rgl_s11_tm06,-13.701446216061026
rgl_s11_froyotech,88.65736288036192
rgl_s11_insect gang,-27.37118930174492
rgl_s11_the covenant,50.00703897272983
rgl_s11_anglerfish,-0.8720698818097787
rgl_s11_3d3m,32.987465285518255
rgl_s11_like a g6,104.03129698374852
rgl_s11_thrembology,28.771271728005892
rgl_s11_the goblinvite zone,-31.64133628684739
rgl_s11_gpg,27.576243159753428
etf2l_s44_$hadowwizardmoneygang,5.866946426468825
etf2l_s44_tf2easy,69.61415720932311
etf2l_s44_comedyshortsgaming,19.894749830748747
etf2l_s44_noobpanzer,58.43240602918527
etf2l_s44_nati noot,-13.572824350576585
etf2l_s44_witness gaming/eu,106.32791884836789
etf2l_s44_/for fence,24.222038396107756
etf2l_s44_svift,-14.303574710371052
etf2l_s45_wheelchair,-21.76984850621894
etf2l_s45_hubert?s angels,7.901656510750481
etf2l_s45_mandem,41.617553434419584
etf2l_s45_witness gaming/eu,109.01086945941222
etf2l_s45_garda panteri,-2.7314676634654163
etf2l_s45_the last resort,7.040143052675553
etf2l_s45_/for fence,55.277755051066265
etf2l_s45_virtus brah,2.416134864224162
the_lan_downunder_2023_witness gaming/oz,90.85415324809001
the_lan_downunder_2023_tarlantula,-0.6854029131690638
the_lan_downunder_2023_pipelin6,-1.2247527474007214
the_lan_downunder_2023_gator blanket,-7.167656099664612
the_lan_downunder_2023_people\'s liberation army sixes,32.10933317394266
the_lan_downunder_2023_avo\'s cados,-9.119743710191432
the_lan_downunder_2023_bwain fweeze,-7.048352943195887
the_lan_downunder_2023_protein farts,27.198262235476758
rgl_s12_greasy dothogs,48.061672985077664
rgl_s12_the covenant,48.01327777510056
rgl_s12_froyotech,116.09586229246362
rgl_s12_lebronstantinople,31.973120477905795
rgl_s12_estrogen took my homie,2.0676670741937286
rgl_s12_rome,-4.2018500037886
rgl_s12_cat posse,11.574114082696381
rgl_s12_catgirl cafe,9.3683794503211
ozfortress_s37_xcx,25.94416670733314
ozfortress_s37_taoyuan leopards,30.820997160988647
ozfortress_s37_ascension,-11.339032869459299
ozfortress_s37_en passant,-3.612761639697162
localhost_the_block_lan_2023_froyotech,119.67118306069592
localhost_the_block_lan_2023_hamsterdam,-5.609890627845228
localhost_the_block_lan_2023_global clan,63.455709733403744
localhost_the_block_lan_2023_the sisters,15.800145739376664
localhost_the_block_lan_2023_like a g6,144.8706678214765
localhost_the_block_lan_2023_better off beaten off,6.7307041872535756
localhost_the_block_lan_2023_ford gaming,50.46497445926358
localhost_the_block_lan_2023_big crosshair supremacy,30.199913140244547
etf2l_s46_mandem,25.68675338900578
etf2l_s46_\xe2\x98\x85\xe2\x98\x85\xe2\x98\x85\xc2\xbd,17.783205478931137
etf2l_s46_/for fence,26.32469897208686
etf2l_s46_wer das liest ist doof,59.926442993718354
etf2l_s46_garda panteri,7.122044296720482
etf2l_s46_varmkov boogie,-3.2333781758483298
etf2l_s46_havoc,12.040991027482434
etf2l_s46_the last resort,40.32708684425316
rgl_s13_witness gaming,64.86931510501776
rgl_s13_globalclan fire,11.80881872045359
rgl_s13_froyotech,100.72156828041008
rgl_s13_the darkest knights,40.282450367342435
rgl_s13_fgp,-3.203073555374555
rgl_s13_rome,-14.549344086680744
rgl_s13_globalclan ice,-2.26938552546099
rgl_s13_the government,-12.799964212087726
poland_2024_winter_witness gaming/eu,123.44217915378354
poland_2024_winter_poundland,-37.859557689708396
poland_2024_winter_wer das liest ist doof,62.32073317224907
poland_2024_winter_3 steps back,-7.488245028474985
poland_2024_winter_\xe2\x98\x85\xe2\x98\x85\xe2\x98\x85\xc2\xbd,48.01619163851531
poland_2024_winter_alien workshop,8.884575341970962
poland_2024_winter_george,-21.630484078233742
poland_2024_winter_varmkorv boogie,7.475166589605937
poland_2024_winter_the last resort,79.74078111225556
poland_2024_winter_saints,4.159647836286155
poland_2024_winter_mandem,56.0036990561195
poland_2024_winter_bloking hazard,-30.53434207502046
poland_2024_winter_tf2hard,11.937019459431752
poland_2024_winter_toilet cleaner masters,2.9551294425328862
poland_2024_winter_nandem,10.05426925868629
poland_2024_winter_evil gameing,20.977803892642527
rgl_s14_global clan,38.1181323696098
rgl_s14_rome,-5.536086309048834
rgl_s14_cozy! black,56.90022372109098
rgl_s14_anglerfish,-10.02059462983484
rgl_s14_froyotech,75.70905116745814
rgl_s14_maga county,-5.490216799354183
rgl_s14_the mafia,-1.1913844730827137
etf2l_s47_mandem,74.62561303311068
etf2l_s47_nandem,18.527395205223304
etf2l_s47_global yeti,-15.734771220293855
etf2l_s47_skedda,54.51726689131449
etf2l_s47_garda panteri,23.550660159905267
etf2l_s47_the last resort,32.63598927146859
etf2l_s47_wer das liest ist doof,63.621414657778985
ozfortress_s39_exodia,25.79716601828451
ozfortress_s39_kumquat connoisseurs,-4.148517218696931
etf2l_s47_/for fence,46.58347922153669
ozfortress_s39_cheese&burger,5.736884817200814
ozfortress_s39_it?s a new day,-5.533740771776326
ozfortress_s39_taylor swift fan club,29.40618565350791
ozfortress_s39_4eggs,29.40336362575417
ozfortress_s39_the isolation,34.45786960942375
ozfortress_s39_leesports,94.38051676610864
the_lan_downunder_2024_bossy burger,-22.326953962919838
the_lan_downunder_2024_soir‚e,92.99882755696078
the_lan_downunder_2024_struck minds,71.33677739606765
the_lan_downunder_2024_fever kids,-2.1699671536296172
the_lan_downunder_2024_fmcl,39.90597154967783
the_lan_downunder_2024_exodia,16.68393618553069
the_lan_downunder_2024_frost,65.22056201156578
the_lan_downunder_2024_bwain fweeze,-6.735107761943514
ozfortress_s40_bilibili gaming,57.064082015014804
ozfortress_s40_ascension,-19.079626011838833
ozfortress_s40_asio,60.67807071439282
ozfortress_s40_5eggs,25.99952642389307
ozfortress_s40_skywalker,14.976187802363967
ozfortress_s40_teq,-8.704709278201715
ozfortress_s40_this stuff is so good,-7.20958293917991
ozfortress_s40_public transport victoria,0.7988061683133267
